Workbook

Sheet MD Daily
A1: Ticker | B1: Date/Time | C1: Open | D1: High | E1: Low | F1: Close
A2: NIFTYMIDCAP100 | B2: 37622 | C2: 1000 | D2: 1000 | E2: 1000 | F2: 1000
A3: NIFTYMIDCAP100 | B3: 37623 | C3: 1004.74 | D3: 1004.74 | E3: 1004.74 | F3: 1004.74
A4: NIFTYMIDCAP100 | B4: 37624 | C4: 1002.24 | D4: 1002.24 | E4: 1002.24 | F4: 1002.24
A5: NIFTYMIDCAP100 | B5: 37627 | C5: 994.44 | D5: 994.44 | E5: 994.44 | F5: 994.44
A6: NIFTYMIDCAP100 | B6: 37628 | C6: 995.41 | D6: 995.41 | E6: 995.41 | F6: 995.41
A7: NIFTYMIDCAP100 | B7: 37629 | C7: 1010.31 | D7: 1010.31 | E7: 1010.31 | F7: 1010.31
A8: NIFTYMIDCAP100 | B8: 37630 | C8: 1022.53 | D8: 1022.53 | E8: 1022.53 | F8: 1022.53
A9: NIFTYMIDCAP100 | B9: 37631 | C9: 1015.95 | D9: 1015.95 | E9: 1015.95 | F9: 1015.95
A10: NIFTYMIDCAP100 | B10: 37634 | C10: 1016.31 | D10: 1016.31 | E10: 1016.31 | F10: 1016.31
A11: NIFTYMIDCAP100 | B11: 37635 | C11: 1024 | D11: 1024 | E11: 1024 | F11: 1024
A12: NIFTYMIDCAP100 | B12: 37636 | C12: 1030.28 | D12: 1030.28 | E12: 1030.28 | F12: 1030.28
A13: NIFTYMIDCAP100 | B13: 37637 | C13: 1037.15 | D13: 1037.15 | E13: 1037.15 | F13: 1037.15
... A44: NIFTYMIDCAP100 | B44: 37683 | C44: 990.86 | D44: 990.86 | E44: 990.86 | F44: 990.86
A45: NIFTYMIDCAP100 | B45: 37684 | C45: 976.74 | D45: 976.74 | E45: 976.74 | F45: 976.74 | V45: 22223
A46: NIFTYMIDCAP100 | B46: 37685 | C46: 968.96 | D46: 968.96 | E46: 968.96 | F46: 968.96
A47: NIFTYMIDCAP100 | B47: 37686 | C47: 961.05 | D47: 961.05 | E47: 961.05 | F47: 961.05
A48: NIFTYMIDCAP100 | B48: 37687 | C48: 943.29 | D48: 943.29 | E48: 943.29 | F48: 943.29
A49: NIFTYMIDCAP100 | B49: 37690 | C49: 927.76 | D49: 927.76 | E49: 927.76 | F49: 927.76
A50: NIFTYMIDCAP100 | B50: 37691 | C50: 932.78 | D50: 932.78 | E50: 932.78 | F50: 932.78
A51: NIFTYMIDCAP100 | B51: 37692 | C51: 932.57 | D51: 932.57 | E51: 932.57 | F51: 932.57
A52: NIFTYMIDCAP100 | B52: 37693 | C52: 929.05 | D52: 929.05 | E52: 929.05 | F52: 929.05
A53: NIFTYMIDCAP100 | B53: 37697 | C53: 918.05 | D53: 918.05 | E53: 918.05 | F53: 918.05
A54: NIFTYMIDCAP100 | B54: 37699 | C54: 921.56 | D54: 921.56 | E54: 921.56 | F54: 921.56
A55: NIFTYMIDCAP100 | B55: 37700 | C55: 932.74 | D55: 932.74 | E55: 932.74 | F55: 932.74
A56: NIFTYMIDCAP100 | B56: 37701 | C56: 937.93 | D56: 937.93 | E56: 937.93 | F56: 937.93
A57: NIFTYMIDCAP100 | B57: 37702 | C57: 944.77 | D57: 944.77 | E57: 944.77 | F57: 944.77
A58: NIFTYMIDCAP100 | B58: 37704 | C58: 925.7 | D58: 925.7 | E58: 925.7 | F58: 925.7 | V58: =W58-'NF Daily'!F45 -> -152.8 | W58: =MIN('NF Daily'!E45:E58) -> 1503.2 | X58: =W58/'NF Daily'!F45-1 -> -0.092270531
A59: NIFTYMIDCAP100 | B59: 37705 | C59: 920.19 | D59: 920.19 | E59: 920.19 | F59: 920.19
A60: NIFTYMIDCAP100 | B60: 37706 | C60: 919.36 | D60: 919.36 | E60: 919.36 | F60: 919.36
A61: NIFTYMIDCAP100 | B61: 37707 | C61: 917.95 | D61: 917.95 | E61: 917.95 | F61: 917.95
A62: NIFTYMIDCAP100 | B62: 37708 | C62: 917.74 | D62: 917.74 | E62: 917.74 | F62: 917.74
A63: NIFTYMIDCAP100 | B63: 37711 | C63: 894.69 | D63: 894.69 | E63: 894.69 | F63: 894.69
A64: NIFTYMIDCAP100 | B64: 37712 | C64: 903.66 | D64: 903.66 | E64: 903.66 | F64: 903.66
A65: NIFTYMIDCAP100 | B65: 37713 | C65: 920.13 | D65: 920.13 | E65: 920.13 | F65: 920.13
A66: NIFTYMIDCAP100 | B66: 37714 | C66: 934.92 | D66: 934.92 | E66: 934.92 | F66: 934.92
A67: NIFTYMIDCAP100 | B67: 37715 | C67: 952.95 | D67: 952.95 | E67: 952.95 | F67: 952.95
A68: NIFTYMIDCAP100 | B68: 37718 | C68: 975.3 | D68: 975.3 | E68: 975.3 | F68: 975.3
A69: NIFTYMIDCAP100 | B69: 37719 | C69: 977.84 | D69: 977.84 | E69: 977.84 | F69: 977.84
A70: NIFTYMIDCAP100 | B70: 37720 | C70: 968.45 | D70: 968.45 | E70: 968.45 | F70: 968.45
... A5787: NIFTYMIDCAP100 | B5787: 46127 | C5787: 58463.9 | D5787: 58850.25 | E5787: 58378.35 | F5787: 58777.75
V6517: =MIN('NF Daily'!E6517:E6518) -> 22955.25 | W6517: =V6517/'NF Daily'!F6517-1 -> -0.0084596412

Sheet NF Daily
A1: Ticker | B1: Date/Time | C1: Open | D1: High | E1: Low | F1: Close
A2: NIFTY 50 | B2: 36528 | C2: 1482.15 | D2: 1592.9 | E2: 1482.15 | F2: 1592.2 | G2: =TEXT(B2,"dddd") -> Monday | I2: =MONTH(B2) -> 1
A3: NIFTY 50 | B3: 36529 | C3: 1594.4 | D3: 1641.95 | E3: 1594.4 | F3: 1638.7 | G3: =TEXT(B3,"dddd") -> Tuesday | H3: =F3/F2-1 -> 0.029204874 | I3: =MONTH(B3) -> 1
A4: NIFTY 50 | B4: 36530 | C4: 1634.55 | D4: 1635.5 | E4: 1555.05 | F4: 1595.8 | G4: =TEXT(B4,"dddd") -> Wednesday | H4: =F4/F3-1 -> -0.026179288 | I4: =MONTH(B4) -> 1
A5: NIFTY 50 | B5: 36531 | C5: 1595.8 | D5: 1639 | E5: 1595.8 | F5: 1617.6 | G5: =TEXT(B5,"dddd") -> Thursday | H5: =F5/F4-1 -> 0.01366086 | I5: =MONTH(B5) -> 1
A6: NIFTY 50 | B6: 36532 | C6: 1616.6 | D6: 1628.25 | E6: 1597.2 | F6: 1613.3 | G6: =TEXT(B6,"dddd") -> Friday | H6: =F6/F5-1 -> -0.0026582591 | I6: =MONTH(B6) -> 1
A7: NIFTY 50 | B7: 36535 | C7: 1615.65 | D7: 1662.1 | E7: 1614.95 | F7: 1632.95 | G7: =TEXT(B7,"dddd") -> Monday | H7: =F7/F6-1 -> 0.012180004 | I7: =MONTH(B7) -> 1
A8: NIFTY 50 | B8: 36536 | C8: 1633.25 | D8: 1639.9 | E8: 1548.25 | F8: 1572.5 | G8: =TEXT(B8,"dddd") -> Tuesday | H8: =F8/F7-1 -> -0.037018892 | I8: =MONTH(B8) -> 1
A9: NIFTY 50 | B9: 36537 | C9: 1572.3 | D9: 1631.55 | E9: 1571.7 | F9: 1624.8 | G9: =TEXT(B9,"dddd") -> Wednesday | H9: =F9/F8-1 -> 0.033259141 | I9: =MONTH(B9) -> 1
A10: NIFTY 50 | B10: 36538 | C10: 1627.85 | D10: 1671.15 | E10: 1613.65 | F10: 1621.4 | G10: =TEXT(B10,"dddd") -> Thursday | H10: =F10/F9-1 -> -0.0020925652 | I10: =MONTH(B10) -> 1
A11: NIFTY 50 | B11: 36539 | C11: 1622.15 | D11: 1627.4 | E11: 1591.4 | F11: 1622.75 | G11: =TEXT(B11,"dddd") -> Friday | H11: =F11/F10-1 -> 0.00083261379 | I11: =MONTH(B11) -> 1
A12: NIFTY 50 | B12: 36542 | C12: 1623.5 | D12: 1668.45 | E12: 1604.65 | F12: 1611.6 | G12: =TEXT(B12,"dddd") -> Monday | H12: =F12/F11-1 -> -0.0068710522 | I12: =MONTH(B12) -> 1
A13: NIFTY 50 | B13: 36543 | C13: 1611.65 | D13: 1615.15 | E13: 1587.85 | F13: 1606.7 | G13: =TEXT(B13,"dddd") -> Tuesday | H13: =F13/F12-1 -> -0.0030404567 | I13: =MONTH(B13) -> 1
A14: NIFTY 50 | B14: 36544 | C14: 1610.05 | D14: 1644.45 | E14: 1608.85 | F14: 1634.85 | G14: =TEXT(B14,"dddd") -> Wednesday | H14: =F14/F13-1 -> 0.017520383 | I14: =MONTH(B14) -> 1
... A5970: NIFTY 50 | B5970: 45292 | C5970: 21727.75 | D5970: 21834.35 | E5970: 21680.85 | F5970: 21741.9 | G5970: =TEXT(B5970,"dddd") -> Monday | H5970: =F5970/F5969-1 -> 0.00048317182 | I5970: =MONTH(B5970) -> 1
A5971: NIFTY 50 | B5971: 45293 | C5971: 21751.35 | D5971: 21755.6 | E5971: 21555.65 | F5971: 21665.8 | G5971: =TEXT(B5971,"dddd") -> Tuesday | H5971: =F5971/F5970-1 -> -0.0035001541 | I5971: =MONTH(B5971) -> 1 | M5971: -0.009110673
A5972: NIFTY 50 | B5972: 45294 | C5972: 21661.1 | D5972: 21677 | E5972: 21500.35 | F5972: 21517.35 | G5972: =TEXT(B5972,"dddd") -> Wednesday | H5972: =F5972/F5971-1 -> -0.0068518125 | I5972: =MONTH(B5972) -> 1 | M5972: 0.0092671464
A5973: NIFTY 50 | B5973: 45295 | C5973: 21605.8 | D5973: 21685.65 | E5973: 21564.55 | F5973: 21658.6 | G5973: =TEXT(B5973,"dddd") -> Thursday | H5973: =F5973/F5972-1 -> 0.0065644701 | I5973: =MONTH(B5973) -> 1 | M5973: 0.018030591
A5974: NIFTY 50 | B5974: 45296 | C5974: 21705.75 | D5974: 21749.6 | E5974: 21629.2 | F5974: 21710.8 | G5974: =TEXT(B5974,"dddd") -> Friday | H5974: =F5974/F5973-1 -> 0.0024101281 | I5974: =MONTH(B5974) -> 1 | M5974: -0.0037567837
A5975: NIFTY 50 | B5975: 45299 | C5975: 21747.6 | D5975: 21763.95 | E5975: 21492.9 | F5975: 21513 | G5975: =TEXT(B5975,"dddd") -> Monday | H5975: =F5975/F5974-1 -> -0.009110673 | I5975: =MONTH(B5975) -> 1
A5976: NIFTY 50 | B5976: 45300 | C5976: 21653.6 | D5976: 21724.45 | E5976: 21517.85 | F5976: 21544.85 | G5976: =TEXT(B5976,"dddd") -> Tuesday | H5976: =F5976/F5975-1 -> 0.0014805002 | I5976: =MONTH(B5976) -> 1 | M5976: 0.0036999732
A5977: NIFTY 50 | B5977: 45301 | C5977: 21529.3 | D5977: 21641.85 | E5977: 21448.65 | F5977: 21618.7 | G5977: =TEXT(B5977,"dddd") -> Wednesday | H5977: =F5977/F5976-1 -> 0.0034277333 | I5977: =MONTH(B5977) -> 1 | M5977: -0.0040809987
A5978: NIFTY 50 | B5978: 45302 | C5978: 21688 | D5978: 21726.5 | E5978: 21593.75 | F5978: 21647.2 | G5978: =TEXT(B5978,"dddd") -> Thursday | H5978: =F5978/F5977-1 -> 0.0013183031 | I5978: =MONTH(B5978) -> 1 | M5978: 0.0012154578
A5979: NIFTY 50 | B5979: 45303 | C5979: 21773.55 | D5979: 21928.25 | E5979: 21715.15 | F5979: 21894.55 | G5979: =TEXT(B5979,"dddd") -> Friday | H5979: =F5979/F5978-1 -> 0.01142642 | I5979: =MONTH(B5979) -> 1 | M5979: -0.0071531617
A5980: NIFTY 50 | B5980: 45306 | C5980: 22053.15 | D5980: 22115.55 | E5980: 21963.55 | F5980: 22097.45 | G5980: =TEXT(B5980,"dddd") -> Monday | H5980: =F5980/F5979-1 -> 0.0092671464 | I5980: =MONTH(B5980) -> 1
A5981: NIFTY 50 | B5981: 45307 | C5981: 22080.5 | D5981: 22124.15 | E5981: 21969.8 | F5981: 22032.3 | G5981: =TEXT(B5981,"dddd") -> Tuesday | H5981: =F5981/F5980-1 -> -0.002948304 | I5981: =MONTH(B5981) -> 1 | M5981: 0.0060509968
A5982: NIFTY 50 | B5982: 45308 | C5982: 21647.25 | D5982: 21851.5 | E5982: 21550.45 | F5982: 21571.95 | G5982: =TEXT(B5982,"dddd") -> Wednesday | H5982: =F5982/F5981-1 -> -0.020894323 | I5982: =MONTH(B5982) -> 1 | M5982: 0.0067780951
A5983: NIFTY 50 | B5983: 45309 | C5983: 21414.2 | D5983: 21539.4 | E5983: 21285.55 | F5983: 21462.25 | G5983: =TEXT(B5983,"dddd") -> Thursday | H5983: =F5983/F5982-1 -> -0.0050853075 | I5983: =MONTH(B5983) -> 1 | M5983: -0.01096388
A5984: NIFTY 50 | B5984: 45310 | C5984: 21615.2 | D5984: 21670.6 | E5984: 21575 | F5984: 21622.4 | G5984: =TEXT(B5984,"dddd") -> Friday | H5984: =F5984/F5983-1 -> 0.007461939 | I5984: =MONTH(B5984) -> 1 | M5984: 0.0085519483
A5985: NIFTY 50 | B5985: 45311 | C5985: 21706.15 | D5985: 21720.3 | E5985: 21541.8 | F5985: 21571.8 | G5985: =TEXT(B5985,"dddd") -> Saturday | H5985: =F5985/F5984-1 -> -0.0023401658 | I5985: =MONTH(B5985) -> 1 | M5985: 0.00996657
A5986: NIFTY 50 | B5986: 45314 | C5986: 21716.7 | D5986: 21750.25 | E5986: 21192.6 | F5986: 21238.8 | G5986: =TEXT(B5986,"dddd") -> Tuesday | H5986: =F5986/F5985-1 -> -0.01543682 | I5986: =MONTH(B5986) -> 1 | M5986: -0.0014749164
A5987: NIFTY 50 | B5987: 45315 | C5987: 21185.25 | D5987: 21482.35 | E5987: 21137.2 | F5987: 21453.95 | G5987: =TEXT(B5987,"dddd") -> Wednesday | H5987: =F5987/F5986-1 -> 0.010130045 | I5987: =MONTH(B5987) -> 1 | M5987: 0.0022148972
A5988: NIFTY 50 | B5988: 45316 | C5988: 21454.6 | D5988: 21459 | E5988: 21247.05 | F5988: 21352.6 | G5988: =TEXT(B5988,"dddd") -> Thursday | H5988: =F5988/F5987-1 -> -0.0047240718 | I5988: =MONTH(B5988) -> 1 | M5988: -0.0010737419
A5989: NIFTY 50 | B5989: 45320 | C5989: 21433.1 | D5989: 21763.25 | E5989: 21429.6 | F5989: 21737.6 | G5989: =TEXT(B5989,"dddd") -> Monday | H5989: =F5989/F5988-1 -> 0.018030591 | I5989: =MONTH(B5989) -> 1
A5990: NIFTY 50 | B5990: 45321 | C5990: 21775.75 | D5990: 21813.05 | E5990: 21501.8 | F5990: 21522.1 | G5990: =TEXT(B5990,"dddd") -> Tuesday | H5990: =F5990/F5989-1 -> -0.0099136979 | I5990: =MONTH(B5990) -> 1 | M5990: -0.001328888
A5991: NIFTY 50 | B5991: 45322 | C5991: 21487.25 | D5991: 21741.35 | E5991: 21448.85 | F5991: 21725.7 | G5991: =TEXT(B5991,"dddd") -> Wednesday | H5991: =F5991/F5990-1 -> 0.0094600434 | I5991: =MONTH(B5991) -> 1 | M5991: 0.0015637566
A5992: NIFTY 50 | B5992: 45323 | C5992: 21780.65 | D5992: 21832.95 | E5992: 21658.75 | F5992: 21697.45 | G5992: =TEXT(B5992,"dddd") -> Thursday | H5992: =F5992/F5991-1 -> -0.0013003033 | I5992: =MONTH(B5992) -> 2 | M5992: 0.0054705005
A5993: NIFTY 50 | B5993: 45324 | C5993: 21812.75 | D5993: 22126.8 | E5993: 21805.55 | F5993: 21853.8 | G5993: =TEXT(B5993,"dddd") -> Friday | H5993: =F5993/F5992-1 -> 0.0072059159 | I5993: =MONTH(B5993) -> 2 | M5993: -0.00013566931
A5994: NIFTY 50 | B5994: 45327 | C5994: 21921.05 | D5994: 21964.3 | E5994: 21726.95 | F5994: 21771.7 | G5994: =TEXT(B5994,"dddd") -> Monday | H5994: =F5994/F5993-1 -> -0.0037567837 | I5994: =MONTH(B5994) -> 2
A5995: NIFTY 50 | B5995: 45328 | C5995: 21825.2 | D5995: 21951.4 | E5995: 21737.55 | F5995: 21929.4 | G5995: =TEXT(B5995,"dddd") -> Tuesday | H5995: =F5995/F5994-1 -> 0.007243348 | I5995: =MONTH(B5995) -> 2 | M5995: -0.00088256036
A5996: NIFTY 50 | B5996: 45329 | C5996: 22045.05 | D5996: 22053.3 | E5996: 21860.15 | F5996: 21930.5 | G5996: =TEXT(B5996,"dddd") -> Wednesday | H5996: =F5996/F5995-1 -> 5.0160971e-05 | I5996: =MONTH(B5996) -> 2 | M5996: 5.0332496e-05
A5997: NIFTY 50 | B5997: 45330 | C5997: 22009.65 | D5997: 22011.05 | E5997: 21665.3 | F5997: 21717.95 | G5997: =TEXT(B5997,"dddd") -> Thursday | H5997: =F5997/F5996-1 -> -0.0096919815 | I5997: =MONTH(B5997) -> 2 | M5997: -0.026786473
A5998: NIFTY 50 | B5998: 45331 | C5998: 21727 | D5998: 21804.45 | E5998: 21629.9 | F5998: 21782.5 | G5998: =TEXT(B5998,"dddd") -> Friday | H5998: =F5998/F5997-1 -> 0.0029721958 | I5998: =MONTH(B5998) -> 2 | M5998: -0.0008412845
A5999: NIFTY 50 | B5999: 45334 | C5999: 21800.8 | D5999: 21831.7 | E5999: 21574.75 | F5999: 21616.05 | G5999: =TEXT(B5999,"dddd") -> Monday | H5999: =F5999/F5998-1 -> -0.0076414553 | I5999: =MONTH(B5999) -> 2
A6000: NIFTY 50 | B6000: 45335 | C6000: 21664.3 | D6000: 21766.8 | E6000: 21543.35 | F6000: 21743.25 | G6000: =TEXT(B6000,"dddd") -> Tuesday | H6000: =F6000/F5999-1 -> 0.0058845164 | I6000: =MONTH(B6000) -> 2 | M6000: 0.0075514187
A6001: NIFTY 50 | B6001: 45336 | C6001: 21578.15 | D6001: 21870.85 | E6001: 21530.2 | F6001: 21840.05 | G6001: =TEXT(B6001,"dddd") -> Wednesday | H6001: =F6001/F6000-1 -> 0.0044519564 | I6001: =MONTH(B6001) -> 2 | M6001: 0.0016959966
A6002: NIFTY 50 | B6002: 45337 | C6002: 21906.55 | D6002: 21953.85 | E6002: 21794.8 | F6002: 21910.75 | G6002: =TEXT(B6002,"dddd") -> Thursday | H6002: =F6002/F6001-1 -> 0.0032371721 | I6002: =MONTH(B6002) -> 2 | M6002: 0.0033900487
A6003: NIFTY 50 | B6003: 45338 | C6003: 22020.3 | D6003: 22068.65 | E6003: 21968.95 | F6003: 22040.7 | G6003: =TEXT(B6003,"dddd") -> Friday | H6003: =F6003/F6002-1 -> 0.0059308787 | I6003: =MONTH(B6003) -> 2 | M6003: 0.0010746751
A6004: NIFTY 50 | B6004: 45341 | C6004: 22103.45 | D6004: 22186.65 | E6004: 22021.05 | F6004: 22122.25 | G6004: =TEXT(B6004,"dddd") -> Monday | H6004: =F6004/F6003-1 -> 0.0036999732 | I6004: =MONTH(B6004) -> 2
A6005: NIFTY 50 | B6005: 45342 | C6005: 22099.2 | D6005: 22215.6 | E6005: 22045.85 | F6005: 22196.95 | G6005: =TEXT(B6005,"dddd") -> Tuesday | H6005: =F6005/F6004-1 -> 0.0033766909 | I6005: =MONTH(B6005) -> 2 | M6005: -0.014060915
A6006: NIFTY 50 | B6006: 45343 | C6006: 22248.85 | D6006: 22249.4 | E6006: 21997.95 | F6006: 22055.05 | G6006: =TEXT(B6006,"dddd") -> Wednesday | H6006: =F6006/F6005-1 -> -0.0063927702 | I6006: =MONTH(B6006) -> 2 | M6006: -0.0087488906
A6007: NIFTY 50 | B6007: 45344 | C6007: 22081.55 | D6007: 22252.5 | E6007: 21875.25 | F6007: 22217.45 | G6007: =TEXT(B6007,"dddd") -> Thursday | H6007: =F6007/F6006-1 -> 0.007363393 | I6007: =MONTH(B6007) -> 2 | M6007: 0.006557377
A6008: NIFTY 50 | B6008: 45345 | C6008: 22290 | D6008: 22297.5 | E6008: 22186.1 | F6008: 22212.7 | G6008: =TEXT(B6008,"dddd") -> Friday | H6008: =F6008/F6007-1 -> -0.00021379591 | I6008: =MONTH(B6008) -> 2 | M6008: -0.0029351353
A6009: NIFTY 50 | B6009: 45348 | C6009: 22169.2 | D6009: 22202.15 | E6009: 22075.15 | F6009: 22122.05 | G6009: =TEXT(B6009,"dddd") -> Monday | H6009: =F6009/F6008-1 -> -0.0040809987 | I6009: =MONTH(B6009) -> 2
A6010: NIFTY 50 | B6010: 45349 | C6010: 22090.2 | D6010: 22218.25 | E6010: 22085.65 | F6010: 22198.35 | G6010: =TEXT(B6010,"dddd") -> Tuesday | H6010: =F6010/F6009-1 -> 0.0034490474 | I6010: =MONTH(B6010) -> 2 | M6010: -0.012713773
A6011: NIFTY 50 | B6011: 45350 | C6011: 22214.1 | D6011: 22229.15 | E6011: 21915.85 | F6011: 21951.15 | G6011: =TEXT(B6011,"dddd") -> Wednesday | H6011: =F6011/F6010-1 -> -0.011135963 | I6011: =MONTH(B6011) -> 2 | M6011: -0.00028573558
A6012: NIFTY 50 | B6012: 45351 | C6012: 21935.2 | D6012: 22060.55 | E6012: 21860.65 | F6012: 21982.8 | G6012: =TEXT(B6012,"dddd") -> Thursday | H6012: =F6012/F6011-1 -> 0.0014418379 | I6012: =MONTH(B6012) -> 2 | M6012: -0.0033527814
A6013: NIFTY 50 | B6013: 45352 | C6013: 22048.3 | D6013: 22353.3 | E6013: 22047.75 | F6013: 22338.75 | G6013: =TEXT(B6013,"dddd") -> Friday | H6013: =F6013/F6012-1 -> 0.016192205 | I6013: =MONTH(B6013) -> 3 | M6013: 0.01316128
A6014: NIFTY 50 | B6014: 45353 | C6014: 22406.95 | D6014: 22419.55 | E6014: 22367.05 | F6014: 22378.4 | G6014: =TEXT(B6014,"dddd") -> Saturday | H6014: =F6014/F6013-1 -> 0.0017749426 | I6014: =MONTH(B6014) -> 3 | M6014: 0.0060067713
A6015: NIFTY 50 | B6015: 45355 | C6015: 22403.5 | D6015: 22440.9 | E6015: 22358.3 | F6015: 22405.6 | G6015: =TEXT(B6015,"dddd") -> Monday | H6015: =F6015/F6014-1 -> 0.0012154578 | I6015: =MONTH(B6015) -> 3
A6016: NIFTY 50 | B6016: 45356 | C6016: 22371.25 | D6016: 22416.9 | E6016: 22269.15 | F6016: 22356.3 | G6016: =TEXT(B6016,"dddd") -> Tuesday | H6016: =F6016/F6015-1 -> -0.0022003428 | I6016: =MONTH(B6016) -> 3 | M6016: -0.0040394375
A6017: NIFTY 50 | B6017: 45357 | C6017: 22327.5 | D6017: 22497.2 | E6017: 22224.35 | F6017: 22474.05 | G6017: =TEXT(B6017,"dddd") -> Wednesday | H6017: =F6017/F6016-1 -> 0.0052669717 | I6017: =MONTH(B6017) -> 3 | M6017: 0.0070355061
A6018: NIFTY 50 | B6018: 45358 | C6018: 22505.3 | D6018: 22525.65 | E6018: 22430 | F6018: 22493.55 | G6018: =TEXT(B6018,"dddd") -> Thursday | H6018: =F6018/F6017-1 -> 0.00086766738 | I6018: =MONTH(B6018) -> 3 | M6018: -0.0070758481
A6019: NIFTY 50 | B6019: 45362 | C6019: 22517.5 | D6019: 22526.6 | E6019: 22307.25 | F6019: 22332.65 | G6019: =TEXT(B6019,"dddd") -> Monday | H6019: =F6019/F6018-1 -> -0.0071531617 | I6019: =MONTH(B6019) -> 3
A6020: NIFTY 50 | B6020: 45363 | C6020: 22334.45 | D6020: 22452.55 | E6020: 22256 | F6020: 22335.7 | G6020: =TEXT(B6020,"dddd") -> Tuesday | H6020: =F6020/F6019-1 -> 0.00013657134 | I6020: =MONTH(B6020) -> 3
A6021: NIFTY 50 | B6021: 45364 | C6021: 22432.2 | D6021: 22446.75 | E6021: 21905.65 | F6021: 21997.7 | G6021: =TEXT(B6021,"dddd") -> Wednesday | H6021: =F6021/F6020-1 -> -0.015132725 | I6021: =MONTH(B6021) -> 3
A6022: NIFTY 50 | B6022: 45365 | C6022: 21982.55 | D6022: 22204.6 | E6022: 21917.5 | F6022: 22146.65 | G6022: =TEXT(B6022,"dddd") -> Thursday | H6022: =F6022/F6021-1 -> 0.0067711624 | I6022: =MONTH(B6022) -> 3
A6023: NIFTY 50 | B6023: 45366 | C6023: 22064.85 | D6023: 22120.9 | E6023: 21931.7 | F6023: 22023.35 | G6023: =TEXT(B6023,"dddd") -> Friday | H6023: =F6023/F6022-1 -> -0.0055674334 | I6023: =MONTH(B6023) -> 3
A6024: NIFTY 50 | B6024: 45369 | C6024: 21990.1 | D6024: 22123.7 | E6024: 21916.55 | F6024: 22055.7 | G6024: =TEXT(B6024,"dddd") -> Monday | H6024: =F6024/F6023-1 -> 0.0014688955 | I6024: =MONTH(B6024) -> 3
A6025: NIFTY 50 | B6025: 45370 | C6025: 21946.45 | D6025: 21978.3 | E6025: 21793.1 | F6025: 21817.45 | G6025: =TEXT(B6025,"dddd") -> Tuesday | H6025: =F6025/F6024-1 -> -0.010802196 | I6025: =MONTH(B6025) -> 3
A6026: NIFTY 50 | B6026: 45371 | C6026: 21843.9 | D6026: 21930.9 | E6026: 21710.2 | F6026: 21839.1 | G6026: =TEXT(B6026,"dddd") -> Wednesday | H6026: =F6026/F6025-1 -> 0.00099232495 | I6026: =MONTH(B6026) -> 3
A6027: NIFTY 50 | B6027: 45372 | C6027: 21989.9 | D6027: 22080.95 | E6027: 21941.3 | F6027: 22011.95 | G6027: =TEXT(B6027,"dddd") -> Thursday | H6027: =F6027/F6026-1 -> 0.0079147034 | I6027: =MONTH(B6027) -> 3
A6028: NIFTY 50 | B6028: 45373 | C6028: 21932.2 | D6028: 22180.7 | E6028: 21883.3 | F6028: 22096.75 | G6028: =TEXT(B6028,"dddd") -> Friday | H6028: =F6028/F6027-1 -> 0.0038524529 | I6028: =MONTH(B6028) -> 3
A6029: NIFTY 50 | B6029: 45377 | C6029: 21947.9 | D6029: 22073.2 | E6029: 21947.55 | F6029: 22004.7 | G6029: =TEXT(B6029,"dddd") -> Tuesday | H6029: =F6029/F6028-1 -> -0.004165771 | I6029: =MONTH(B6029) -> 3
A6030: NIFTY 50 | B6030: 45378 | C6030: 22053.95 | D6030: 22193.6 | E6030: 22052.85 | F6030: 22123.65 | G6030: =TEXT(B6030,"dddd") -> Wednesday | H6030: =F6030/F6029-1 -> 0.0054056633 | I6030: =MONTH(B6030) -> 3
... A6536: NIFTY 50 | B6536: 46127 | C6536: 24163.8 | D6536: 24280.9 | E6536: 24145.8 | F6536: 24231.3 | G6536: =TEXT(B6536,"dddd") -> Wednesday | H6536: =F6536/F6535-1 -> 0.016300621 | I6536: =MONTH(B6536) -> 4

Sheet Sheet4
A2: 45292 | B2: 21741.9 | D2: 1
A3: 45299 | B3: 21513 | C3: =B3/B2-1 -> -0.010528059 | D3: =D2+C3 -> 0.98947194
A4: 45306 | B4: 22097.45 | C4: =B4/B3-1 -> 0.027167294 | D4: =D3+C4 -> 1.0166392
A5: 45320 | B5: 21737.6 | C5: =B5/B4-1 -> -0.016284684 | D5: =D4+C5 -> 1.0003546
A6: 45327 | B6: 21771.7 | C6: =B6/B5-1 -> 0.0015687104 | D6: =D5+C6 -> 1.0019233
A7: 45334 | B7: 21616.05 | C7: =B7/B6-1 -> -0.0071491891 | D7: =D6+C7 -> 0.99477407
A8: 45341 | B8: 22122.25 | C8: =B8/B7-1 -> 0.023417784 | D8: =D7+C8 -> 1.0181919
A9: 45348 | B9: 22122.05 | C9: =B9/B8-1 -> -9.0406717e-06 | D9: =D8+C9 -> 1.0181828
A10: 45355 | B10: 22405.6 | C10: =B10/B9-1 -> 0.012817528 | D10: =D9+C10 -> 1.0310003
A11: 45362 | B11: 22332.65 | C11: =B11/B10-1 -> -0.0032558825 | D11: =D10+C11 -> 1.0277445
A12: 45369 | B12: 22055.7 | C12: =B12/B11-1 -> -0.012401126 | D12: =D11+C12 -> 1.0153433
A13: 45383 | B13: 22462 | C13: =B13/B12-1 -> 0.018421542 | D13: =D12+C13 -> 1.0337649
A14: 45390 | B14: 22666.3 | C14: =B14/B13-1 -> 0.0090953611 | D14: =D13+C14 -> 1.0428602
... A50: 45656 | B50: 23644.9 | C50: =B50/B49-1 -> -0.0045698625 | D50: =D49+C50 -> 1.0912469

Sheet Sheet2
A1: …..
A2: 0.024846725
A3: 0.016178018
A4: 0.0050218789
A5: -0.024524884
A6: 0.0045865135
A7: -0.019665774
A8: -0.0069621148
A9: 0.056383096
A10: 0.0060488834
A11: 0.0018145021
A12: -0.021199655
A13: 0.010795572
... A638: 0.0073538341

Sheet BNF Daily
A1: Ticker | B1: Date/Time | C1: Open | D1: High | E1: Low | F1: Close
A2: NIFTYBANK | B2: 36528 | C2: 1054.81 | D2: 1054.81 | E2: 1054.81 | F2: 1054.81
A3: NIFTYBANK | B3: 36529 | C3: 1092.08 | D3: 1092.08 | E3: 1092.08 | F3: 1092.08
A4: NIFTYBANK | B4: 36530 | C4: 1055.99 | D4: 1055.99 | E4: 1055.99 | F4: 1055.99
A5: NIFTYBANK | B5: 36531 | C5: 1086.67 | D5: 1086.67 | E5: 1086.67 | F5: 1086.67
A6: NIFTYBANK | B6: 36532 | C6: 1126.99 | D6: 1126.99 | E6: 1126.99 | F6: 1126.99
A7: NIFTYBANK | B7: 36535 | C7: 1088.97 | D7: 1088.97 | E7: 1088.97 | F7: 1088.97
A8: NIFTYBANK | B8: 36536 | C8: 1033.55 | D8: 1033.55 | E8: 1033.55 | F8: 1033.55
A9: NIFTYBANK | B9: 36537 | C9: 1036.63 | D9: 1036.63 | E9: 1036.63 | F9: 1036.63
A10: NIFTYBANK | B10: 36538 | C10: 1034.19 | D10: 1034.19 | E10: 1034.19 | F10: 1034.19
A11: NIFTYBANK | B11: 36539 | C11: 1023.41 | D11: 1023.41 | E11: 1023.41 | F11: 1023.41
A12: NIFTYBANK | B12: 36542 | C12: 1035.99 | D12: 1035.99 | E12: 1035.99 | F12: 1035.99
A13: NIFTYBANK | B13: 36543 | C13: 1021.69 | D13: 1021.69 | E13: 1021.69 | F13: 1021.69
... A6536: NIFTYBANK | B6536: 46127 | C6536: 56343.45 | D6536: 56786.25 | E6536: 56109.2 | F6536: 56301.95

Sheet BNF Weekly
A1: Ticker | B1: Date/Time | C1: Open | D1: High | E1: Low | F1: Close
A2: NIFTYBANK | B2: 36532 | C2: 1054.81 | D2: 1126.99 | E2: 1054.81 | F2: 1126.99
A3: NIFTYBANK | B3: 36539 | C3: 1088.97 | D3: 1088.97 | E3: 1023.41 | F3: 1023.41
A4: NIFTYBANK | B4: 36546 | C4: 1035.99 | D4: 1058.91 | E4: 1021.69 | F4: 1058.91
A5: NIFTYBANK | B5: 36553 | C5: 1049.82 | D5: 1153.35 | E5: 1049.82 | F5: 1153.35
A6: NIFTYBANK | B6: 36560 | C6: 1148.89 | D6: 1186.97 | E6: 1148.89 | F6: 1172.21
A7: NIFTYBANK | B7: 36567 | C7: 1158.08 | D7: 1181.48 | E7: 1150.2 | F7: 1156.67
A8: NIFTYBANK | B8: 36574 | C8: 1212.66 | D8: 1212.66 | E8: 1148.1 | F8: 1151.56
A9: NIFTYBANK | B9: 36581 | C9: 1142.8 | D9: 1142.8 | E9: 1091.48 | F9: 1109.38
A10: NIFTYBANK | B10: 36588 | C10: 1141.18 | D10: 1141.18 | E10: 1075.15 | F10: 1124.7
A11: NIFTYBANK | B11: 36595 | C11: 1126.59 | D11: 1126.59 | E11: 987.88 | F11: 987.88
A12: NIFTYBANK | B12: 36601 | C12: 978.64 | D12: 1055.36 | E12: 978.64 | F12: 1055.36
A13: NIFTYBANK | B13: 36609 | C13: 1074.75 | D13: 1088.21 | E13: 1074.75 | F13: 1086.32
... A1373: NIFTYBANK | B1373: 46127 | C1373: 54646 | D1373: 56786.25 | E1373: 54356.2 | F1373: 56301.95

Sheet MD Weekly
A1: Ticker | B1: Date/Time | C1: Open | D1: High | E1: Low | F1: Close
A2: NIFTYMIDCAP100 | B2: 37624 | C2: 1000 | D2: 1004.74 | E2: 1000 | F2: 1002.24 | G2: =WEEKNUM(B2) -> 1
A3: NIFTYMIDCAP100 | B3: 37631 | C3: 994.44 | D3: 1022.53 | E3: 994.44 | F3: 1015.95 | G3: =WEEKNUM(B3) -> 2
A4: NIFTYMIDCAP100 | B4: 37638 | C4: 1016.31 | D4: 1037.15 | E4: 1016.31 | F4: 1035.38 | G4: =WEEKNUM(B4) -> 3
A5: NIFTYMIDCAP100 | B5: 37645 | C5: 1035.83 | D5: 1042.81 | E5: 1004.62 | F5: 1004.62 | G5: =WEEKNUM(B5) -> 4
A6: NIFTYMIDCAP100 | B6: 37652 | C6: 974.52 | D6: 990.55 | E6: 974.52 | F6: 981.1 | G6: =WEEKNUM(B6) -> 5
A7: NIFTYMIDCAP100 | B7: 37659 | C7: 997.44 | D7: 998.74 | E7: 990.79 | F7: 998.74 | G7: =WEEKNUM(B7) -> 6
A8: NIFTYMIDCAP100 | B8: 37666 | C8: 979.34 | D8: 979.34 | E8: 955.2 | F8: 955.2 | G8: =WEEKNUM(B8) -> 7
A9: NIFTYMIDCAP100 | B9: 37673 | C9: 983.92 | D9: 994.69 | E9: 983.92 | F9: 992.21 | G9: =WEEKNUM(B9) -> 8
A10: NIFTYMIDCAP100 | B10: 37680 | C10: 998.79 | D10: 998.79 | E10: 981.45 | F10: 991.76 | G10: =WEEKNUM(B10) -> 9
A11: NIFTYMIDCAP100 | B11: 37687 | C11: 990.86 | D11: 990.86 | E11: 943.29 | F11: 943.29 | G11: =WEEKNUM(B11) -> 10
A12: NIFTYMIDCAP100 | B12: 37693 | C12: 927.76 | D12: 932.78 | E12: 927.76 | F12: 929.05 | G12: =WEEKNUM(B12) -> 11
A13: NIFTYMIDCAP100 | B13: 37702 | C13: 918.05 | D13: 944.77 | E13: 918.05 | F13: 944.77 | G13: =WEEKNUM(B13) -> 12
... A1217: NIFTYMIDCAP100 | B1217: 46127 | C1217: 56676.4 | D1217: 58850.25 | E1217: 56289.5 | F1217: 58777.75 | G1217: =WEEKNUM(B1217) -> 16

Sheet NF Weekly
A1: Ticker | B1: Date/Time | C1: Open | D1: High | E1: Low | F1: Close | G1: Week Number | H1: % CHANGE | I1: YTD | J1: FILTER | K1: Week num | L1: Month | M1: Year
A2: NIFTY 50 | B2: 36532 | C2: 1482.15 | D2: 1641.95 | E2: 1482.15 | F2: 1613.3 | G2: =WEEKNUM(B2) -> 2 | H2: 0 | J2: 0 | K2: =WEEKNUM(B2) -> 2 | L2: =MONTH(B2) -> 1 | M2: =YEAR(B2) -> 2000 | O2: 1 | P2: =AVERAGEIF($G$2:$G$1357,$G$54,$H$2:$H$1357) -> 0.017444741 | Q2: =AVERAGEIF($G$2:$G$1357,$G$54,$H$2:$H$1357) -> 0.017444741
A3: NIFTY 50 | B3: 36539 | C3: 1615.65 | D3: 1671.15 | E3: 1548.25 | F3: 1622.75 | G3: =WEEKNUM(B3) -> 3 | H3: =F3/F2-1 -> 0.005857559 | I3: =(1+H2)*(1+H3)-1 -> 0.005857559 | J3: =H3>10% -> FALSE | K3: =WEEKNUM(B3) -> 3 | L3: =MONTH(B3) -> 1 | M3: =YEAR(B3) -> 2000 | O3: =O2+1 -> 2 | P3: =AVERAGEIF($G$2:$G$1357,$G$55,$H$2:$H$1357) -> -0.0053032944 | Q3: =(1+P3)*(1+Q2)-1 -> 0.012048932
A4: NIFTY 50 | B4: 36546 | C4: 1623.5 | D4: 1668.45 | E4: 1587.85 | F4: 1620.6 | G4: =WEEKNUM(B4) -> 4 | H4: =F4/F3-1 -> -0.0013249114 | I4: =(1+I3)*(1+H4)-1 -> 0.0045248869 | J4: =H4>10% -> FALSE | K4: =WEEKNUM(B4) -> 4 | L4: =MONTH(B4) -> 1 | M4: =YEAR(B4) -> 2000 | O4: =O3+1 -> 3 | P4: =AVERAGEIF($G$2:$G$1357,$G$3,$H$2:$H$1357) -> -0.00072001938 | Q4: =(1+P4)*(1+Q3)-1 -> 0.011320237
A5: NIFTY 50 | B5: 36553 | C5: 1623.05 | D5: 1645 | E5: 1579.55 | F5: 1599.1 | G5: =WEEKNUM(B5) -> 5 | H5: =F5/F4-1 -> -0.013266691 | I5: =(1+I4)*(1+H5)-1 -> -0.0088018347 | J5: =H5>10% -> FALSE | K5: =WEEKNUM(B5) -> 5 | L5: =MONTH(B5) -> 1 | M5: =YEAR(B5) -> 2000 | O5: =O4+1 -> 4 | P5: =AVERAGEIF($G$2:$G$1357,$G$4,$H$2:$H$1357) -> -0.004608227 | Q5: =(1+P5)*(1+Q4)-1 -> 0.006659844
A6: NIFTY 50 | B6: 36560 | C6: 1598.35 | D6: 1621.35 | E6: 1521.4 | F6: 1599.75 | G6: =WEEKNUM(B6) -> 6 | H6: =F6/F5-1 -> 0.00040647864 | I6: =(1+I5)*(1+H6)-1 -> -0.0083989339 | J6: =H6>10% -> FALSE | K6: =WEEKNUM(B6) -> 6 | L6: =MONTH(B6) -> 2 | M6: =YEAR(B6) -> 2000 | O6: =O5+1 -> 5 | P6: =AVERAGEIF($G$2:$G$1357,$G$5,$H$2:$H$1357) -> -0.0032669902 | Q6: =(1+P6)*(1+Q5)-1 -> 0.0033710961
A7: NIFTY 50 | B7: 36567 | C7: 1599.8 | D7: 1771.65 | E7: 1599.8 | F7: 1756 | G7: =WEEKNUM(B7) -> 7 | H7: =F7/F6-1 -> 0.097671511 | I7: =(1+I6)*(1+H7)-1 -> 0.088452241 | J7: =H7>10% -> FALSE | K7: =WEEKNUM(B7) -> 7 | L7: =MONTH(B7) -> 2 | M7: =YEAR(B7) -> 2000 | O7: =O6+1 -> 6 | P7: =AVERAGEIF($G$2:$G$1357,$G$6,$H$2:$H$1357) -> 0.006143188 | Q7: =(1+P7)*(1+Q6)-1 -> 0.0095349934
A8: NIFTY 50 | B8: 36574 | C8: 1777.75 | D8: 1795.45 | E8: 1694.45 | F8: 1717.8 | G8: =WEEKNUM(B8) -> 8 | H8: =F8/F7-1 -> -0.021753986 | I8: =(1+I7)*(1+H8)-1 -> 0.064774066 | J8: =H8>10% -> FALSE | K8: =WEEKNUM(B8) -> 8 | L8: =MONTH(B8) -> 2 | M8: =YEAR(B8) -> 2000 | O8: =O7+1 -> 7 | P8: =AVERAGEIF($G$2:$G$1357,$G$7,$H$2:$H$1357) -> 0.0055331788 | Q8: =(1+P8)*(1+Q7)-1 -> 0.015120931
A9: NIFTY 50 | B9: 36581 | C9: 1719.55 | D9: 1818.15 | E9: 1689.2 | F9: 1710.45 | G9: =WEEKNUM(B9) -> 9 | H9: =F9/F8-1 -> -0.0042787286 | I9: =(1+I8)*(1+H9)-1 -> 0.060218186 | J9: =H9>10% -> FALSE | K9: =WEEKNUM(B9) -> 9 | L9: =MONTH(B9) -> 2 | M9: =YEAR(B9) -> 2000 | O9: =O8+1 -> 8 | P9: =AVERAGEIF($G$2:$G$1357,$G$8,$H$2:$H$1357) -> -0.006922478 | Q9: =(1+P9)*(1+Q8)-1 -> 0.0080937787
A10: NIFTY 50 | B10: 36588 | C10: 1711.15 | D10: 1783.3 | E10: 1626.35 | F10: 1656 | G10: =WEEKNUM(B10) -> 10 | H10: =F10/F9-1 -> -0.031833728 | I10: =(1+I9)*(1+H10)-1 -> 0.026467489 | J10: =H10>10% -> FALSE | K10: =WEEKNUM(B10) -> 10 | L10: =MONTH(B10) -> 3 | M10: =YEAR(B10) -> 2000 | O10: =O9+1 -> 9 | P10: =AVERAGEIF($G$2:$G$1357,$G$9,$H$2:$H$1357) -> -0.0084824561 | Q10: =(1+P10)*(1+Q9)-1 -> -0.00045733248
A11: NIFTY 50 | B11: 36595 | C11: 1656 | D11: 1765.25 | E11: 1588.2 | F11: 1602.75 | G11: =WEEKNUM(B11) -> 11 | H11: =F11/F10-1 -> -0.032155797 | I11: =(1+I10)*(1+H11)-1 -> -0.0065393913 | J11: =H11>10% -> FALSE | K11: =WEEKNUM(B11) -> 11 | L11: =MONTH(B11) -> 3 | M11: =YEAR(B11) -> 2000 | O11: =O10+1 -> 10 | P11: =AVERAGEIF($G$2:$G$1357,$G$10,$H$2:$H$1357) -> 0.0023769803 | Q11: =(1+P11)*(1+Q10)-1 -> 0.0019185608
A12: NIFTY 50 | B12: 36601 | C12: 1601.4 | D12: 1645 | E12: 1503.2 | F12: 1562.2 | G12: =WEEKNUM(B12) -> 12 | H12: =F12/F11-1 -> -0.025300265 | I12: =(1+I11)*(1+H12)-1 -> -0.031674208 | J12: =H12>10% -> FALSE | K12: =WEEKNUM(B12) -> 12 | L12: =MONTH(B12) -> 3 | M12: =YEAR(B12) -> 2000 | O12: =O11+1 -> 11 | P12: =AVERAGEIF($G$2:$G$1357,$G$11,$H$2:$H$1357) -> -0.0088041721 | Q12: =(1+P12)*(1+Q11)-1 -> -0.0069025027
A13: NIFTY 50 | B13: 36609 | C13: 1563.3 | D13: 1629.2 | E13: 1540.45 | F13: 1569.55 | G13: =WEEKNUM(B13) -> 13 | H13: =F13/F12-1 -> 0.0047049033 | I13: =(1+I12)*(1+H13)-1 -> -0.027118329 | J13: =H13>10% -> FALSE | K13: =WEEKNUM(B13) -> 13 | L13: =MONTH(B13) -> 3 | M13: =YEAR(B13) -> 2000 | O13: =O12+1 -> 12 | P13: =AVERAGEIF($G$2:$G$1357,$G$12,$H$2:$H$1357) -> -0.005713363 | Q13: =(1+P13)*(1+Q12)-1 -> -0.012576429
A14: NIFTY 50 | B14: 36616 | C14: 1570.45 | D14: 1609.4 | E14: 1489.1 | F14: 1528.45 | G14: =WEEKNUM(B14) -> 14 | H14: =F14/F13-1 -> -0.026185849 | I14: =(1+I13)*(1+H14)-1 -> -0.052594062 | J14: =H14>10% -> FALSE | K14: =WEEKNUM(B14) -> 14 | L14: =MONTH(B14) -> 3 | M14: =YEAR(B14) -> 2000 | O14: =O13+1 -> 13 | P14: =AVERAGEIF($G$2:$G$1357,$G$13,$H$2:$H$1357) -> 0.0099817976 | Q14: =(1+P14)*(1+Q13)-1 -> -0.0027201669
A15: NIFTY 50 | B15: 36623 | C15: 1528.7 | D15: 1558.05 | E15: 1381.05 | F15: 1557.15 | G15: =WEEKNUM(B15) -> 15 | H15: =F15/F14-1 -> 0.018777193 | I15: =(1+I14)*(1+H15)-1 -> -0.034804438 | J15: =H15>10% -> FALSE | K15: =WEEKNUM(B15) -> 15 | L15: =MONTH(B15) -> 4 | M15: =YEAR(B15) -> 2000 | O15: =O14+1 -> 14 | P15: =AVERAGEIF($G$2:$G$1357,$G$14,$H$2:$H$1357) -> 0.0038033704 | Q15: =(1+P15)*(1+Q14)-1 -> 0.0010728577
A16: NIFTY 50 | B16: 36629 | C16: 1557.55 | D16: 1636.95 | E16: 1502.7 | F16: 1518.65 | G16: =WEEKNUM(B16) -> 16 | H16: =F16/F15-1 -> -0.024724657 | I16: =(1+I15)*(1+H16)-1 -> -0.058668568 | J16: =H16>10% -> FALSE | K16: =WEEKNUM(B16) -> 16 | L16: =MONTH(B16) -> 4 | M16: =YEAR(B16) -> 2000 | O16: =O15+1 -> 15 | P16: =AVERAGEIF($G$2:$G$1357,$G$15,$H$2:$H$1357) -> 0.0030674588 | Q16: =(1+P16)*(1+Q15)-1 -> 0.0041436074
A17: NIFTY 50 | B17: 36636 | C17: 1518.55 | D17: 1518.55 | E17: 1339.75 | F17: 1415.65 | G17: =WEEKNUM(B17) -> 17 | H17: =F17/F16-1 -> -0.067823396 | I17: =(1+I16)*(1+H17)-1 -> -0.12251286 | J17: =H17>10% -> FALSE | K17: =WEEKNUM(B17) -> 17 | L17: =MONTH(B17) -> 4 | M17: =YEAR(B17) -> 2000 | O17: =O16+1 -> 16 | P17: =AVERAGEIF($G$2:$G$1357,$G$16,$H$2:$H$1357) -> 0.0095970906 | Q17: =(1+P17)*(1+Q16)-1 -> 0.013780465
A18: NIFTY 50 | B18: 36644 | C18: 1416.05 | D18: 1455.85 | E18: 1311.3 | F18: 1406.55 | G18: =WEEKNUM(B18) -> 18 | H18: =F18/F17-1 -> -0.0064281425 | I18: =(1+I17)*(1+H18)-1 -> -0.12815347 | J18: =H18>10% -> FALSE | K18: =WEEKNUM(B18) -> 18 | L18: =MONTH(B18) -> 4 | M18: =YEAR(B18) -> 2000 | O18: =O17+1 -> 17 | P18: =AVERAGEIF($G$2:$G$1357,$G$17,$H$2:$H$1357) -> -0.0012443578 | Q18: =(1+P18)*(1+Q17)-1 -> 0.012518959
A19: NIFTY 50 | B19: 36651 | C19: 1410 | D19: 1428.6 | E19: 1258.1 | F19: 1422.4 | G19: =WEEKNUM(B19) -> 19 | H19: =F19/F18-1 -> 0.011268707 | I19: =(1+I18)*(1+H19)-1 -> -0.11832889 | J19: =H19>10% -> FALSE | K19: =WEEKNUM(B19) -> 19 | L19: =MONTH(B19) -> 5 | M19: =YEAR(B19) -> 2000
A20: NIFTY 50 | B20: 36658 | C20: 1423.25 | D20: 1436.6 | E20: 1276.4 | F20: 1282.8 | G20: =WEEKNUM(B20) -> 20 | H20: =F20/F19-1 -> -0.098143982 | I20: =(1+I19)*(1+H20)-1 -> -0.2048596 | J20: =H20>10% -> FALSE | K20: =WEEKNUM(B20) -> 20 | L20: =MONTH(B20) -> 5 | M20: =YEAR(B20) -> 2000
A21: NIFTY 50 | B21: 36665 | C21: 1281.3 | D21: 1347.7 | E21: 1220.7 | F21: 1268 | G21: =WEEKNUM(B21) -> 21 | H21: =F21/F20-1 -> -0.011537262 | I21: =(1+I20)*(1+H21)-1 -> -0.21403335 | J21: =H21>10% -> FALSE | K21: =WEEKNUM(B21) -> 21 | L21: =MONTH(B21) -> 5 | M21: =YEAR(B21) -> 2000
A22: NIFTY 50 | B22: 36672 | C22: 1267.85 | D22: 1278.75 | E22: 1201.5 | F22: 1275.35 | G22: =WEEKNUM(B22) -> 22 | H22: =F22/F21-1 -> 0.00579653 | I22: =(1+I21)*(1+H22)-1 -> -0.20947747 | J22: =H22>10% -> FALSE | K22: =WEEKNUM(B22) -> 22 | L22: =MONTH(B22) -> 5 | M22: =YEAR(B22) -> 2000
A23: NIFTY 50 | B23: 36679 | C23: 1273.7 | D23: 1410.75 | E23: 1267.4 | F23: 1389.25 | G23: =WEEKNUM(B23) -> 23 | H23: =F23/F22-1 -> 0.089308817 | I23: =(1+I22)*(1+H23)-1 -> -0.13887684 | J23: =H23>10% -> FALSE | K23: =WEEKNUM(B23) -> 23 | L23: =MONTH(B23) -> 6 | M23: =YEAR(B23) -> 2000
A24: NIFTY 50 | B24: 36686 | C24: 1390.95 | D24: 1485.5 | E24: 1390.95 | F24: 1467.2 | G24: =WEEKNUM(B24) -> 24 | H24: =F24/F23-1 -> 0.056109412 | I24: =(1+I23)*(1+H24)-1 -> -0.090559722 | J24: =H24>10% -> FALSE | K24: =WEEKNUM(B24) -> 24 | L24: =MONTH(B24) -> 6 | M24: =YEAR(B24) -> 2000
A25: NIFTY 50 | B25: 36693 | C25: 1464.4 | D25: 1480.85 | E25: 1411.9 | F25: 1477.3 | G25: =WEEKNUM(B25) -> 25 | H25: =F25/F24-1 -> 0.0068838604 | I25: =(1+I24)*(1+H25)-1 -> -0.084299262 | J25: =H25>10% -> FALSE | K25: =WEEKNUM(B25) -> 25 | L25: =MONTH(B25) -> 6 | M25: =YEAR(B25) -> 2000
A26: NIFTY 50 | B26: 36700 | C26: 1477.55 | D26: 1539.1 | E26: 1461.3 | F26: 1472.2 | G26: =WEEKNUM(B26) -> 26 | H26: =F26/F25-1 -> -0.003452244 | I26: =(1+I25)*(1+H26)-1 -> -0.087460485 | J26: =H26>10% -> FALSE | K26: =WEEKNUM(B26) -> 26 | L26: =MONTH(B26) -> 6 | M26: =YEAR(B26) -> 2000
A27: NIFTY 50 | B27: 36707 | C27: 1472.15 | D27: 1505.75 | E27: 1431.25 | F27: 1471.45 | G27: =WEEKNUM(B27) -> 27 | H27: =F27/F26-1 -> -0.00050944165 | I27: =(1+I26)*(1+H27)-1 -> -0.08792537 | J27: =H27>10% -> FALSE | K27: =WEEKNUM(B27) -> 27 | L27: =MONTH(B27) -> 6 | M27: =YEAR(B27) -> 2000
A28: NIFTY 50 | B28: 36714 | C28: 1473.45 | D28: 1530.9 | E28: 1473.45 | F28: 1517.6 | G28: =WEEKNUM(B28) -> 28 | H28: =F28/F27-1 -> 0.031363621 | I28: =(1+I27)*(1+H28)-1 -> -0.059319407 | J28: =H28>10% -> FALSE | K28: =WEEKNUM(B28) -> 28 | L28: =MONTH(B28) -> 7 | M28: =YEAR(B28) -> 2000
A29: NIFTY 50 | B29: 36721 | C29: 1518.15 | D29: 1564.75 | E29: 1502.7 | F29: 1509.75 | G29: =WEEKNUM(B29) -> 29 | H29: =F29/F28-1 -> -0.005172641 | I29: =(1+I28)*(1+H29)-1 -> -0.06418521 | J29: =H29>10% -> FALSE | K29: =WEEKNUM(B29) -> 29 | L29: =MONTH(B29) -> 7 | M29: =YEAR(B29) -> 2000
A30: NIFTY 50 | B30: 36728 | C30: 1509.25 | D30: 1512.25 | E30: 1394.3 | F30: 1397.25 | G30: =WEEKNUM(B30) -> 30 | H30: =F30/F29-1 -> -0.074515648 | I30: =(1+I29)*(1+H30)-1 -> -0.13391806 | J30: =H30>10% -> FALSE | K30: =WEEKNUM(B30) -> 30 | L30: =MONTH(B30) -> 7 | M30: =YEAR(B30) -> 2000
... A111: NIFTY 50 | B111: 37295 | C111: 1083.05 | D111: 1131.85 | E111: 1069.4 | F111: 1123.75 | G111: =WEEKNUM(B111) -> 6 | H111: =F111/F110-1 -> 0.038922017 | I111: =(1+I110)*(1+H111)-1 -> -0.30344635 | J111: =H111>10% -> FALSE | K111: =WEEKNUM(B111) -> 6 | L111: =MONTH(B111) -> 2 | M111: =YEAR(B111) -> 2002
A112: NIFTY 50 | B112: 37302 | C112: 1124.85 | D112: 1164.1 | E112: 1124.85 | F112: 1159.95 | G112: =WEEKNUM(B112) -> 7 | H112: =F112/F111-1 -> 0.032213571 | I112: =(1+I111)*(1+H112)-1 -> -0.28100787 | J112: =H112>10% -> FALSE | K112: =WEEKNUM(B112) -> 7 | L112: =MONTH(B112) -> 2 | M112: =YEAR(B112) -> 2002 | N112: =F112/F60-1 -> -0.16027799
A113: NIFTY 50 | B113: 37309 | C113: 1159.85 | D113: 1178.1 | E113: 1134.65 | F113: 1163.5 | G113: =WEEKNUM(B113) -> 8 | H113: =F113/F112-1 -> 0.0030604767 | I113: =(1+I112)*(1+H113)-1 -> -0.27880741 | J113: =H113>10% -> FALSE | K113: =WEEKNUM(B113) -> 8 | L113: =MONTH(B113) -> 2 | M113: =YEAR(B113) -> 2002
A114: NIFTY 50 | B114: 37316 | C114: 1163.65 | D114: 1205.95 | E114: 1135.2 | F114: 1178 | G114: =WEEKNUM(B114) -> 9 | H114: =F114/F113-1 -> 0.012462398 | I114: =(1+I113)*(1+H114)-1 -> -0.26981962 | J114: =H114>10% -> FALSE | K114: =WEEKNUM(B114) -> 9 | L114: =MONTH(B114) -> 3 | M114: =YEAR(B114) -> 2002
A115: NIFTY 50 | B115: 37323 | C115: 1178.45 | D115: 1201.1 | E115: 1162.75 | F115: 1187.65 | G115: =WEEKNUM(B115) -> 10 | H115: =F115/F114-1 -> 0.0081918506 | I115: =(1+I114)*(1+H115)-1 -> -0.2638381 | J115: =H115>10% -> FALSE | K115: =WEEKNUM(B115) -> 10 | L115: =MONTH(B115) -> 3 | M115: =YEAR(B115) -> 2002
A116: NIFTY 50 | B116: 37330 | C116: 1187.5 | D116: 1192.75 | E116: 1143.55 | F116: 1169.75 | G116: =WEEKNUM(B116) -> 11 | H116: =F116/F115-1 -> -0.01507178 | I116: =(1+I115)*(1+H116)-1 -> -0.27493337 | J116: =H116>10% -> FALSE | K116: =WEEKNUM(B116) -> 11 | L116: =MONTH(B116) -> 3 | M116: =YEAR(B116) -> 2002
A117: NIFTY 50 | B117: 37337 | C117: 1169.95 | D117: 1184.7 | E117: 1135.9 | F117: 1138.45 | G117: =WEEKNUM(B117) -> 12 | H117: =F117/F116-1 -> -0.026757854 | I117: =(1+I116)*(1+H117)-1 -> -0.29433459 | J117: =H117>10% -> FALSE | K117: =WEEKNUM(B117) -> 12 | L117: =MONTH(B117) -> 3 | M117: =YEAR(B117) -> 2002
A118: NIFTY 50 | B118: 37343 | C118: 1138.1 | D118: 1140.2 | E118: 1117.85 | F118: 1129.55 | G118: =WEEKNUM(B118) -> 13 | H118: =F118/F117-1 -> -0.0078176468 | I118: =(1+I117)*(1+H118)-1 -> -0.29985124 | J118: =H118>10% -> FALSE | K118: =WEEKNUM(B118) -> 13 | L118: =MONTH(B118) -> 3 | M118: =YEAR(B118) -> 2002
A119: NIFTY 50 | B119: 37351 | C119: 1129.85 | D119: 1153.3 | E119: 1121.45 | F119: 1141.95 | G119: =WEEKNUM(B119) -> 14 | H119: =F119/F118-1 -> 0.010977823 | I119: =(1+I118)*(1+H119)-1 -> -0.29216513 | J119: =H119>10% -> FALSE | K119: =WEEKNUM(B119) -> 14 | L119: =MONTH(B119) -> 4 | M119: =YEAR(B119) -> 2002
A120: NIFTY 50 | B120: 37358 | C120: 1141.9 | D120: 1151.55 | E120: 1122.1 | F120: 1146.5 | G120: =WEEKNUM(B120) -> 15 | H120: =F120/F119-1 -> 0.0039844126 | I120: =(1+I119)*(1+H120)-1 -> -0.28934482 | J120: =H120>10% -> FALSE | K120: =WEEKNUM(B120) -> 15 | L120: =MONTH(B120) -> 4 | M120: =YEAR(B120) -> 2002
A121: NIFTY 50 | B121: 37365 | C121: 1146.55 | D121: 1152.55 | E121: 1097.6 | F121: 1100.3 | G121: =WEEKNUM(B121) -> 16 | H121: =F121/F120-1 -> -0.040296555 | I121: =(1+I120)*(1+H121)-1 -> -0.31798178 | J121: =H121>10% -> FALSE | K121: =WEEKNUM(B121) -> 16 | L121: =MONTH(B121) -> 4 | M121: =YEAR(B121) -> 2002
A122: NIFTY 50 | B122: 37372 | C122: 1100.5 | D122: 1116.85 | E122: 1088.05 | F122: 1097.4 | G122: =WEEKNUM(B122) -> 17 | H122: =F122/F121-1 -> -0.0026356448 | I122: =(1+I121)*(1+H122)-1 -> -0.31977933 | J122: =H122>10% -> FALSE | K122: =WEEKNUM(B122) -> 17 | L122: =MONTH(B122) -> 4 | M122: =YEAR(B122) -> 2002
A123: NIFTY 50 | B123: 37379 | C123: 1097.55 | D123: 1101.1 | E123: 1073.3 | F123: 1096.95 | G123: =WEEKNUM(B123) -> 18 | H123: =F123/F122-1 -> -0.00041006014 | I123: =(1+I122)*(1+H123)-1 -> -0.32005827 | J123: =H123>10% -> FALSE | K123: =WEEKNUM(B123) -> 18 | L123: =MONTH(B123) -> 5 | M123: =YEAR(B123) -> 2002
A124: NIFTY 50 | B124: 37386 | C124: 1096.95 | D124: 1136.55 | E124: 1096.25 | F124: 1116.4 | G124: =WEEKNUM(B124) -> 19 | H124: =F124/F123-1 -> 0.017730981 | I124: =(1+I123)*(1+H124)-1 -> -0.30800223 | J124: =H124>10% -> FALSE | K124: =WEEKNUM(B124) -> 19 | L124: =MONTH(B124) -> 5 | M124: =YEAR(B124) -> 2002
... A1205: NIFTY 50 | B1205: 44953 | C1205: 18118.45 | D1205: 18201.25 | E1205: 17493.55 | F1205: 17604.35 | G1205: =WEEKNUM(B1205) -> 4 | H1205: =F1205/F1204-1 -> -0.023480598 | I1205: =(1+I1204)*(1+H1205)-1 -> 9.9120126 | J1205: =H1205>10% -> FALSE | K1205: =WEEKNUM(B1205) -> 4 | L1205: =MONTH(B1205) -> 1 | M1205: =YEAR(B1205) -> 2023
A1206: NIFTY 50 | B1206: 44960 | C1206: 17541.95 | D1206: 17972.2 | E1206: 17353.4 | F1206: 17854.05 | G1206: =WEEKNUM(B1206) -> 5 | H1206: =F1206/F1205-1 -> 0.014183994 | I1206: =(1+I1205)*(1+H1206)-1 -> 10.066789 | J1206: =H1206>10% -> FALSE | K1206: =WEEKNUM(B1206) -> 5 | L1206: =MONTH(B1206) -> 2 | M1206: =YEAR(B1206) -> 2023 | N1206: =AVERAGE(H1206:H1310) -> 0.0028676426
A1207: NIFTY 50 | B1207: 44967 | C1207: 17818.55 | D1207: 17916.9 | E1207: 17652.55 | F1207: 17856.5 | G1207: =WEEKNUM(B1207) -> 6 | H1207: =F1207/F1206-1 -> 0.00013722377 | I1207: =(1+I1206)*(1+H1207)-1 -> 10.068307 | J1207: =H1207>10% -> FALSE | K1207: =WEEKNUM(B1207) -> 6 | L1207: =MONTH(B1207) -> 2 | M1207: =YEAR(B1207) -> 2023
A1208: NIFTY 50 | B1208: 44974 | C1208: 17859.1 | D1208: 18134.75 | E1208: 17719.75 | F1208: 17944.2 | G1208: =WEEKNUM(B1208) -> 7 | H1208: =F1208/F1207-1 -> 0.0049113768 | I1208: =(1+I1207)*(1+H1208)-1 -> 10.122668 | J1208: =H1208>10% -> FALSE | K1208: =WEEKNUM(B1208) -> 7 | L1208: =MONTH(B1208) -> 2 | M1208: =YEAR(B1208) -> 2023
A1209: NIFTY 50 | B1209: 44981 | C1209: 17965.55 | D1209: 18004.35 | E1209: 17421.8 | F1209: 17465.8 | G1209: =WEEKNUM(B1209) -> 8 | H1209: =F1209/F1208-1 -> -0.026660425 | I1209: =(1+I1208)*(1+H1209)-1 -> 9.8261328 | J1209: =H1209>10% -> FALSE | K1209: =WEEKNUM(B1209) -> 8 | L1209: =MONTH(B1209) -> 2 | M1209: =YEAR(B1209) -> 2023
A1210: NIFTY 50 | B1210: 44988 | C1210: 17428.6 | D1210: 17644.75 | E1210: 17255.2 | F1210: 17594.35 | G1210: =WEEKNUM(B1210) -> 9 | H1210: =F1210/F1209-1 -> 0.007360098 | I1210: =(1+I1209)*(1+H1210)-1 -> 9.9058142 | J1210: =H1210>10% -> FALSE | K1210: =WEEKNUM(B1210) -> 9 | L1210: =MONTH(B1210) -> 3 | M1210: =YEAR(B1210) -> 2023
A1211: NIFTY 50 | B1211: 44995 | C1211: 17680.35 | D1211: 17799.95 | E1211: 17324.35 | F1211: 17412.9 | G1211: =WEEKNUM(B1211) -> 10 | H1211: =F1211/F1210-1 -> -0.01031297 | I1211: =(1+I1210)*(1+H1211)-1 -> 9.7933428 | J1211: =H1211>10% -> FALSE | K1211: =WEEKNUM(B1211) -> 10 | L1211: =MONTH(B1211) -> 3 | M1211: =YEAR(B1211) -> 2023
A1212: NIFTY 50 | B1212: 45002 | C1212: 17421.9 | D1212: 17529.9 | E1212: 16850.15 | F1212: 17100.05 | G1212: =WEEKNUM(B1212) -> 11 | H1212: =F1212/F1211-1 -> -0.017966565 | I1212: =(1+I1211)*(1+H1212)-1 -> 9.5994235 | J1212: =H1212>10% -> FALSE | K1212: =WEEKNUM(B1212) -> 11 | L1212: =MONTH(B1212) -> 3 | M1212: =YEAR(B1212) -> 2023
A1213: NIFTY 50 | B1213: 45009 | C1213: 17066.6 | D1213: 17207.25 | E1213: 16828.35 | F1213: 16945.05 | G1213: =WEEKNUM(B1213) -> 12 | H1213: =F1213/F1212-1 -> -0.009064301 | I1213: =(1+I1212)*(1+H1213)-1 -> 9.5033472 | J1213: =H1213>10% -> FALSE | K1213: =WEEKNUM(B1213) -> 12 | L1213: =MONTH(B1213) -> 3 | M1213: =YEAR(B1213) -> 2023
A1214: NIFTY 50 | B1214: 45016 | C1214: 16984.3 | D1214: 17381.6 | E1214: 16913.75 | F1214: 17359.75 | G1214: =WEEKNUM(B1214) -> 13 | H1214: =F1214/F1213-1 -> 0.024473224 | I1214: =(1+I1213)*(1+H1214)-1 -> 9.7603979 | J1214: =H1214>10% -> FALSE | K1214: =WEEKNUM(B1214) -> 13 | L1214: =MONTH(B1214) -> 3 | M1214: =YEAR(B1214) -> 2023
A1215: NIFTY 50 | B1215: 45022 | C1215: 17427.95 | D1215: 17638.7 | E1215: 17312.75 | F1215: 17599.15 | G1215: =WEEKNUM(B1215) -> 14 | H1215: =F1215/F1214-1 -> 0.013790521 | I1215: =(1+I1214)*(1+H1215)-1 -> 9.9087894 | J1215: =H1215>10% -> FALSE | K1215: =WEEKNUM(B1215) -> 14 | L1215: =MONTH(B1215) -> 4 | M1215: =YEAR(B1215) -> 2023
A1216: NIFTY 50 | B1216: 45029 | C1216: 17634.9 | D1216: 17842.15 | E1216: 17597.95 | F1216: 17828 | G1216: =WEEKNUM(B1216) -> 15 | H1216: =F1216/F1215-1 -> 0.013003469 | I1216: =(1+I1215)*(1+H1216)-1 -> 10.050642 | J1216: =H1216>10% -> FALSE | K1216: =WEEKNUM(B1216) -> 15 | L1216: =MONTH(B1216) -> 4 | M1216: =YEAR(B1216) -> 2023
A1217: NIFTY 50 | B1217: 45037 | C1217: 17863 | D1217: 17863 | E1217: 17553.95 | F1217: 17624.05 | G1217: =WEEKNUM(B1217) -> 16 | H1217: =F1217/F1216-1 -> -0.01143987 | I1217: =(1+I1216)*(1+H1217)-1 -> 9.9242236 | J1217: =H1217>10% -> FALSE | K1217: =WEEKNUM(B1217) -> 16 | L1217: =MONTH(B1217) -> 4 | M1217: =YEAR(B1217) -> 2023
A1218: NIFTY 50 | B1218: 45044 | C1218: 17707.55 | D1218: 18089.15 | E1218: 17612.5 | F1218: 18065 | G1218: =WEEKNUM(B1218) -> 17 | H1218: =F1218/F1217-1 -> 0.025019788 | I1218: =(1+I1217)*(1+H1218)-1 -> 10.197545 | J1218: =H1218>10% -> FALSE | K1218: =WEEKNUM(B1218) -> 17 | L1218: =MONTH(B1218) -> 4 | M1218: =YEAR(B1218) -> 2023
... A1253: NIFTY 50 | B1253: 45289 | C1253: 21365.2 | D1253: 21801.45 | E1253: 21329.45 | F1253: 21731.4 | G1253: =WEEKNUM(B1253) -> 52 | H1253: =F1253/F1252-1 -> 0.017892775 | I1253: =(1+I1252)*(1+H1253)-1 -> 12.470154 | J1253: =H1253>10% -> FALSE | K1253: =WEEKNUM(B1253) -> 52 | L1253: =MONTH(B1253) -> 12 | M1253: =YEAR(B1253) -> 2023
A1254: NIFTY 50 | B1254: 45296 | C1254: 21727.75 | D1254: 21834.35 | E1254: 21500.35 | F1254: 21710.8 | G1254: =WEEKNUM(B1254) -> 1 | H1254: =F1254/F1253-1 -> -0.00094793709 | I1254: =(1+I1253)*(1+H1254)-1 -> 12.457385 | J1254: =H1254>10% -> FALSE | K1254: =WEEKNUM(B1254) -> 1 | L1254: =MONTH(B1254) -> 1 | M1254: =YEAR(B1254) -> 2024 | R1254: -0.00094793709 | S1254: 100
A1255: NIFTY 50 | B1255: 45303 | C1255: 21747.6 | D1255: 21928.25 | E1255: 21448.65 | F1255: 21894.55 | G1255: =WEEKNUM(B1255) -> 2 | H1255: =F1255/F1254-1 -> 0.0084635297 | I1255: =(1+I1254)*(1+H1255)-1 -> 12.571282 | J1255: =H1255>10% -> FALSE | K1255: =WEEKNUM(B1255) -> 2 | L1255: =MONTH(B1255) -> 1 | M1255: =YEAR(B1255) -> 2024 | R1255: 0.0084635297 | S1255: 1.0085
A1256: NIFTY 50 | B1256: 45311 | C1256: 22053.15 | D1256: 22124.15 | E1256: 21285.55 | F1256: 21571.8 | G1256: =WEEKNUM(B1256) -> 3 | H1256: =F1256/F1255-1 -> -0.014741111 | I1256: =(1+I1255)*(1+H1256)-1 -> 12.371227 | J1256: =H1256>10% -> FALSE | K1256: =WEEKNUM(B1256) -> 3 | L1256: =MONTH(B1256) -> 1 | M1256: =YEAR(B1256) -> 2024 | R1256: -0.014741111 | S1256: =S1255+R1256 -> 0.99375889 | T1256: =S1255+R1256 -> 0.99375889
A1257: NIFTY 50 | B1257: 45316 | C1257: 21716.7 | D1257: 21750.25 | E1257: 21137.2 | F1257: 21352.6 | G1257: =WEEKNUM(B1257) -> 4 | H1257: =F1257/F1256-1 -> -0.010161414 | I1257: =(1+I1256)*(1+H1257)-1 -> 12.235356 | J1257: =H1257>10% -> FALSE | K1257: =WEEKNUM(B1257) -> 4 | L1257: =MONTH(B1257) -> 1 | M1257: =YEAR(B1257) -> 2024 | R1257: -0.010161414 | S1257: =S1256+R1257 -> 0.98359747 | T1257: =T1256+R1257 -> 0.98359747
A1258: NIFTY 50 | B1258: 45324 | C1258: 21433.1 | D1258: 22126.8 | E1258: 21429.6 | F1258: 21853.8 | G1258: =WEEKNUM(B1258) -> 5 | H1258: =F1258/F1257-1 -> 0.023472551 | I1258: =(1+I1257)*(1+H1258)-1 -> 12.546024 | J1258: =H1258>10% -> FALSE | K1258: =WEEKNUM(B1258) -> 5 | L1258: =MONTH(B1258) -> 2 | M1258: =YEAR(B1258) -> 2024 | N1258: =N1+N1206 -> 0.0028676426 | O1258: =N1258-100 -> -99.997132 | R1258: 0.023472551 | S1258: =S1257+R1258 -> 1.00707 | T1258: =IF(R1258>0%,T1257+R1258,T1257+R1258) -> 1.00707
A1259: NIFTY 50 | B1259: 45331 | C1259: 21921.05 | D1259: 22053.3 | E1259: 21629.9 | F1259: 21782.5 | G1259: =WEEKNUM(B1259) -> 6 | H1259: =F1259/F1258-1 -> -0.0032625905 | I1259: =(1+I1258)*(1+H1259)-1 -> 12.501829 | J1259: =H1259>10% -> FALSE | K1259: =WEEKNUM(B1259) -> 6 | L1259: =MONTH(B1259) -> 2 | M1259: =YEAR(B1259) -> 2024 | R1259: -0.0032625905 | S1259: =S1258+R1259 -> 1.0038074 | T1259: =IF(R1259>0%,T1258+R1259,T1258+R1259) -> 1.0038074
A1260: NIFTY 50 | B1260: 45338 | C1260: 21800.8 | D1260: 22068.65 | E1260: 21530.2 | F1260: 22040.7 | G1260: =WEEKNUM(B1260) -> 7 | H1260: =F1260/F1259-1 -> 0.011853552 | I1260: =(1+I1259)*(1+H1260)-1 -> 12.661873 | J1260: =H1260>10% -> FALSE | K1260: =WEEKNUM(B1260) -> 7 | L1260: =MONTH(B1260) -> 2 | M1260: =YEAR(B1260) -> 2024 | R1260: 0.011853552 | S1260: =S1259+R1260 -> 1.015661
A1261: NIFTY 50 | B1261: 45345 | C1261: 22103.45 | D1261: 22297.5 | E1261: 21875.25 | F1261: 22212.7 | G1261: =WEEKNUM(B1261) -> 8 | H1261: =F1261/F1260-1 -> 0.0078037449 | I1261: =(1+I1260)*(1+H1261)-1 -> 12.768487 | J1261: =H1261>10% -> FALSE | K1261: =WEEKNUM(B1261) -> 8 | L1261: =MONTH(B1261) -> 2 | M1261: =YEAR(B1261) -> 2024 | R1261: 0.0078037449 | S1261: =S1260+R1261 -> 1.0234647
A1262: NIFTY 50 | B1262: 45353 | C1262: 22169.2 | D1262: 22419.55 | E1262: 21860.65 | F1262: 22378.4 | G1262: =WEEKNUM(B1262) -> 9 | H1262: =F1262/F1261-1 -> 0.0074596965 | I1262: =(1+I1261)*(1+H1262)-1 -> 12.871196 | J1262: =H1262>10% -> FALSE | K1262: =WEEKNUM(B1262) -> 9 | L1262: =MONTH(B1262) -> 3 | M1262: =YEAR(B1262) -> 2024 | R1262: 0.0074596965 | S1262: =S1261+R1262 -> 1.0309244
A1263: NIFTY 50 | B1263: 45358 | C1263: 22403.5 | D1263: 22525.65 | E1263: 22224.35 | F1263: 22493.55 | G1263: =WEEKNUM(B1263) -> 10 | H1263: =F1263/F1262-1 -> 0.0051455868 | I1263: =(1+I1262)*(1+H1263)-1 -> 12.942571 | J1263: =H1263>10% -> FALSE | K1263: =WEEKNUM(B1263) -> 10 | L1263: =MONTH(B1263) -> 3 | M1263: =YEAR(B1263) -> 2024 | R1263: 0.0051455868 | S1263: =S1262+R1263 -> 1.03607
A1264: NIFTY 50 | B1264: 45366 | C1264: 22517.5 | D1264: 22526.6 | E1264: 21905.65 | F1264: 22023.35 | G1264: =WEEKNUM(B1264) -> 11 | H1264: =F1264/F1263-1 -> -0.02090377 | I1264: =(1+I1263)*(1+H1264)-1 -> 12.651119 | J1264: =H1264>10% -> FALSE | K1264: =WEEKNUM(B1264) -> 11 | L1264: =MONTH(B1264) -> 3 | M1264: =YEAR(B1264) -> 2024 | R1264: -0.02090377 | S1264: =S1263+R1264 -> 1.0151662
A1265: NIFTY 50 | B1265: 45373 | C1265: 21990.1 | D1265: 22180.7 | E1265: 21710.2 | F1265: 22096.75 | G1265: =WEEKNUM(B1265) -> 12 | H1265: =F1265/F1264-1 -> 0.0033328263 | I1265: =(1+I1264)*(1+H1265)-1 -> 12.696616 | J1265: =H1265>10% -> FALSE | K1265: =WEEKNUM(B1265) -> 12 | L1265: =MONTH(B1265) -> 3 | M1265: =YEAR(B1265) -> 2024 | R1265: 0.0033328263 | S1265: =S1264+R1265 -> 1.0184991
A1266: NIFTY 50 | B1266: 45379 | C1266: 21947.9 | D1266: 22516 | E1266: 21947.55 | F1266: 22326.9 | G1266: =WEEKNUM(B1266) -> 13 | H1266: =F1266/F1265-1 -> 0.010415559 | I1266: =(1+I1265)*(1+H1266)-1 -> 12.839274 | J1266: =H1266>10% -> FALSE | K1266: =WEEKNUM(B1266) -> 13 | L1266: =MONTH(B1266) -> 3 | M1266: =YEAR(B1266) -> 2024 | R1266: 0.010415559 | S1266: =S1265+R1266 -> 1.0289146
A1267: NIFTY 50 | B1267: 45387 | C1267: 22455 | D1267: 22619 | E1267: 22303.8 | F1267: 22513.7 | G1267: =WEEKNUM(B1267) -> 14 | H1267: =F1267/F1266-1 -> 0.0083665892 | I1267: =(1+I1266)*(1+H1267)-1 -> 12.955061 | J1267: =H1267>10% -> FALSE | K1267: =WEEKNUM(B1267) -> 14 | L1267: =MONTH(B1267) -> 4 | M1267: =YEAR(B1267) -> 2024 | R1267: 0.0083665892 | S1267: =S1266+R1267 -> 1.0372812
A1268: NIFTY 50 | B1268: 45394 | C1268: 22578.35 | D1268: 22775.7 | E1268: 22503.75 | F1268: 22519.4 | G1268: =WEEKNUM(B1268) -> 15 | H1268: =F1268/F1267-1 -> 0.00025317918 | I1268: =(1+I1267)*(1+H1268)-1 -> 12.958594 | J1268: =H1268>10% -> FALSE | K1268: =WEEKNUM(B1268) -> 15 | L1268: =MONTH(B1268) -> 4 | M1268: =YEAR(B1268) -> 2024 | R1268: 0.00025317918 | S1268: =S1267+R1268 -> 1.0375344
A1269: NIFTY 50 | B1269: 45401 | C1269: 22339.05 | D1269: 22427.45 | E1269: 21777.65 | F1269: 22147 | G1269: =WEEKNUM(B1269) -> 16 | H1269: =F1269/F1268-1 -> -0.016536853 | I1269: =(1+I1268)*(1+H1269)-1 -> 12.727763 | J1269: =H1269>10% -> FALSE | K1269: =WEEKNUM(B1269) -> 16 | L1269: =MONTH(B1269) -> 4 | M1269: =YEAR(B1269) -> 2024 | R1269: -0.016536853 | S1269: =S1268+R1269 -> 1.0209975
A1270: NIFTY 50 | B1270: 45408 | C1270: 22336.9 | D1270: 22625.95 | E1270: 22198.15 | F1270: 22419.95 | G1270: =WEEKNUM(B1270) -> 17 | H1270: =F1270/F1269-1 -> 0.012324468 | I1270: =(1+I1269)*(1+H1270)-1 -> 12.89695 | J1270: =H1270>10% -> FALSE | K1270: =WEEKNUM(B1270) -> 17 | L1270: =MONTH(B1270) -> 4 | M1270: =YEAR(B1270) -> 2024 | R1270: 0.012324468 | S1270: =S1269+R1270 -> 1.033322
A1271: NIFTY 50 | B1271: 45415 | C1271: 22475.55 | D1271: 22794.7 | E1271: 22348.05 | F1271: 22475.85 | G1271: =WEEKNUM(B1271) -> 18 | H1271: =F1271/F1270-1 -> 0.0024933151 | I1271: =(1+I1270)*(1+H1271)-1 -> 12.9316 | J1271: =H1271>10% -> FALSE | K1271: =WEEKNUM(B1271) -> 18 | L1271: =MONTH(B1271) -> 5 | M1271: =YEAR(B1271) -> 2024 | R1271: 0.0024933151 | S1271: =S1270+R1271 -> 1.0358153
... A1293: NIFTY 50 | B1293: 45569 | C1293: 26061.3 | D1293: 26134.7 | E1293: 24966.8 | F1293: 25014.6 | G1293: =WEEKNUM(B1293) -> 40 | H1293: =F1293/F1292-1 -> -0.044476574 | I1293: =(1+I1292)*(1+H1293)-1 -> 14.505238 | J1293: =H1293>10% -> FALSE | K1293: =WEEKNUM(B1293) -> 40 | L1293: =MONTH(B1293) -> 10 | M1293: =YEAR(B1293) -> 2024 | R1293: -0.044476574 | S1293: =S1292+R1293 -> 1.1465311
A1294: NIFTY 50 | B1294: 45576 | C1294: 25084.1 | D1294: 25234.05 | E1294: 24694.35 | F1294: 24964.25 | G1294: =WEEKNUM(B1294) -> 41 | H1294: =F1294/F1293-1 -> -0.0020128245 | I1294: =(1+I1293)*(1+H1294)-1 -> 14.474028 | J1294: =H1294>10% -> FALSE | K1294: =WEEKNUM(B1294) -> 41 | L1294: =MONTH(B1294) -> 10 | M1294: =YEAR(B1294) -> 2024 | R1294: -0.0020128245
A1295: NIFTY 50 | B1295: 45583 | C1295: 25023.45 | D1295: 25212.05 | E1295: 24567.65 | F1295: 24854.05 | G1295: =WEEKNUM(B1295) -> 42 | H1295: =F1295/F1294-1 -> -0.0044143125 | I1295: =(1+I1294)*(1+H1295)-1 -> 14.405721 | J1295: =H1295>10% -> FALSE | K1295: =WEEKNUM(B1295) -> 42 | L1295: =MONTH(B1295) -> 10 | M1295: =YEAR(B1295) -> 2024 | R1295: -0.0044143125
A1296: NIFTY 50 | B1296: 45590 | C1296: 24956.15 | D1296: 24978.3 | E1296: 24073.9 | F1296: 24180.8 | G1296: =WEEKNUM(B1296) -> 43 | H1296: =F1296/F1295-1 -> -0.027088141 | I1296: =(1+I1295)*(1+H1296)-1 -> 13.988409 | J1296: =H1296>10% -> FALSE | K1296: =WEEKNUM(B1296) -> 43 | L1296: =MONTH(B1296) -> 10 | M1296: =YEAR(B1296) -> 2024 | R1296: -0.027088141
A1297: NIFTY 50 | B1297: 45597 | C1297: 24251.1 | D1297: 24498.2 | E1297: 24134.9 | F1297: 24304.35 | G1297: =WEEKNUM(B1297) -> 44 | H1297: =F1297/F1296-1 -> 0.0051094257 | I1297: =(1+I1296)*(1+H1297)-1 -> 14.064991 | J1297: =H1297>10% -> FALSE | K1297: =WEEKNUM(B1297) -> 44 | L1297: =MONTH(B1297) -> 11 | M1297: =YEAR(B1297) -> 2024 | R1297: 0.0051094257
A1298: NIFTY 50 | B1298: 45604 | C1298: 24315.75 | D1298: 24537.6 | E1298: 23816.15 | F1298: 24148.2 | G1298: =WEEKNUM(B1298) -> 45 | H1298: =F1298/F1297-1 -> -0.0064247758 | I1298: =(1+I1297)*(1+H1298)-1 -> 13.968202 | J1298: =H1298>10% -> FALSE | K1298: =WEEKNUM(B1298) -> 45 | L1298: =MONTH(B1298) -> 11 | M1298: =YEAR(B1298) -> 2024 | R1298: -0.0064247758
A1299: NIFTY 50 | B1299: 45610 | C1299: 24087.25 | D1299: 24336.8 | E1299: 23484.15 | F1299: 23532.7 | G1299: =WEEKNUM(B1299) -> 46 | H1299: =F1299/F1298-1 -> -0.025488442 | I1299: =(1+I1298)*(1+H1299)-1 -> 13.586686 | J1299: =H1299>10% -> FALSE | K1299: =WEEKNUM(B1299) -> 46 | L1299: =MONTH(B1299) -> 11 | M1299: =YEAR(B1299) -> 2024 | R1299: -0.025488442
A1300: NIFTY 50 | B1300: 45618 | C1300: 23605.3 | D1300: 23956.1 | E1300: 23263.15 | F1300: 23907.25 | G1300: =WEEKNUM(B1300) -> 47 | H1300: =F1300/F1299-1 -> 0.015916151 | I1300: =(1+I1299)*(1+H1300)-1 -> 13.81885 | J1300: =H1300>10% -> FALSE | K1300: =WEEKNUM(B1300) -> 47 | L1300: =MONTH(B1300) -> 11 | M1300: =YEAR(B1300) -> 2024 | R1300: 0.015916151
A1301: NIFTY 50 | B1301: 45625 | C1301: 24253.55 | D1301: 24354.55 | E1301: 23873.35 | F1301: 24131.1 | G1301: =WEEKNUM(B1301) -> 48 | H1301: =F1301/F1300-1 -> 0.0093632685 | I1301: =(1+I1300)*(1+H1301)-1 -> 13.957602 | J1301: =H1301>10% -> FALSE | K1301: =WEEKNUM(B1301) -> 48 | L1301: =MONTH(B1301) -> 11 | M1301: =YEAR(B1301) -> 2024 | R1301: 0.0093632685
A1302: NIFTY 50 | B1302: 45632 | C1302: 24140.85 | D1302: 24857.75 | E1302: 24008.65 | F1302: 24677.8 | G1302: =WEEKNUM(B1302) -> 49 | H1302: =F1302/F1301-1 -> 0.022655411 | I1302: =(1+I1301)*(1+H1302)-1 -> 14.296473 | J1302: =H1302>10% -> FALSE | K1302: =WEEKNUM(B1302) -> 49 | L1302: =MONTH(B1302) -> 12 | M1302: =YEAR(B1302) -> 2024 | R1302: 0.022655411
A1303: NIFTY 50 | B1303: 45639 | C1303: 24633.9 | D1303: 24792.3 | E1303: 24180.8 | F1303: 24768.3 | G1303: =WEEKNUM(B1303) -> 50 | H1303: =F1303/F1302-1 -> 0.0036672637 | I1303: =(1+I1302)*(1+H1303)-1 -> 14.352569 | J1303: =H1303>10% -> FALSE | K1303: =WEEKNUM(B1303) -> 50 | L1303: =MONTH(B1303) -> 12 | M1303: =YEAR(B1303) -> 2024 | R1303: 0.0036672637
A1304: NIFTY 50 | B1304: 45646 | C1304: 24753.4 | D1304: 24781.25 | E1304: 23537.35 | F1304: 23587.5 | G1304: =WEEKNUM(B1304) -> 51 | H1304: =F1304/F1303-1 -> -0.047673841 | I1304: =(1+I1303)*(1+H1304)-1 -> 13.620653 | J1304: =H1304>10% -> FALSE | K1304: =WEEKNUM(B1304) -> 51 | L1304: =MONTH(B1304) -> 12 | M1304: =YEAR(B1304) -> 2024 | R1304: -0.047673841
A1305: NIFTY 50 | B1305: 45653 | C1305: 23738.2 | D1305: 23938.85 | E1305: 23647.2 | F1305: 23813.4 | G1305: =WEEKNUM(B1305) -> 52 | H1305: =F1305/F1304-1 -> 0.0095771065 | I1305: =(1+I1304)*(1+H1305)-1 -> 13.760677 | J1305: =H1305>10% -> FALSE | K1305: =WEEKNUM(B1305) -> 52 | L1305: =MONTH(B1305) -> 12 | M1305: =YEAR(B1305) -> 2024 | R1305: 0.0095771065
A1306: NIFTY 50 | B1306: 45660 | C1306: 23796.9 | D1306: 24226.7 | E1306: 23460.45 | F1306: 24004.75 | G1306: =WEEKNUM(B1306) -> 1 | H1306: =F1306/F1305-1 -> 0.0080353918 | I1306: =(1+I1305)*(1+H1306)-1 -> 13.879285 | J1306: =H1306>10% -> FALSE | K1306: =WEEKNUM(B1306) -> 1 | L1306: =MONTH(B1306) -> 1 | M1306: =YEAR(B1306) -> 2025
A1307: NIFTY 50 | B1307: 45667 | C1307: 24045.8 | D1307: 24089.95 | E1307: 23344.35 | F1307: 23431.5 | G1307: =WEEKNUM(B1307) -> 2 | H1307: =F1307/F1306-1 -> -0.02388069 | I1307: =(1+I1306)*(1+H1307)-1 -> 13.523957 | J1307: =H1307>10% -> FALSE | K1307: =WEEKNUM(B1307) -> 2 | L1307: =MONTH(B1307) -> 1 | M1307: =YEAR(B1307) -> 2025
A1308: NIFTY 50 | B1308: 45674 | C1308: 23195.4 | D1308: 23391.65 | E1308: 23047.25 | F1308: 23203.2 | G1308: =WEEKNUM(B1308) -> 3 | H1308: =F1308/F1307-1 -> -0.0097432943 | I1308: =(1+I1307)*(1+H1308)-1 -> 13.382446 | J1308: =H1308>10% -> FALSE | K1308: =WEEKNUM(B1308) -> 3 | L1308: =MONTH(B1308) -> 1 | M1308: =YEAR(B1308) -> 2025
A1309: NIFTY 50 | B1309: 45681 | C1309: 23290.4 | D1309: 23426.3 | E1309: 22976.85 | F1309: 23092.2 | G1309: =WEEKNUM(B1309) -> 4 | H1309: =F1309/F1308-1 -> -0.0047838229 | I1309: =(1+I1308)*(1+H1309)-1 -> 13.313643 | J1309: =H1309>10% -> FALSE | K1309: =WEEKNUM(B1309) -> 4 | L1309: =MONTH(B1309) -> 1 | M1309: =YEAR(B1309) -> 2025
A1310: NIFTY 50 | B1310: 45689 | C1310: 22940.15 | D1310: 23632.45 | E1310: 22786.9 | F1310: 23482.15 | G1310: =WEEKNUM(B1310) -> 5 | H1310: =F1310/F1309-1 -> 0.016886654 | I1310: =(1+I1309)*(1+H1310)-1 -> 13.555352 | J1310: =H1310>10% -> FALSE | K1310: =WEEKNUM(B1310) -> 5 | L1310: =MONTH(B1310) -> 2 | M1310: =YEAR(B1310) -> 2025
A1311: NIFTY 50 | B1311: 45695 | C1311: 23319.35 | D1311: 23807.3 | E1311: 23222 | F1311: 23559.95 | G1311: =WEEKNUM(B1311) -> 6 | H1311: =F1311/F1310-1 -> 0.0033131549 | I1311: =(1+I1310)*(1+H1311)-1 -> 13.603577 | J1311: =H1311>10% -> FALSE | K1311: =WEEKNUM(B1311) -> 6 | L1311: =MONTH(B1311) -> 2 | M1311: =YEAR(B1311) -> 2025
A1312: NIFTY 50 | B1312: 45702 | C1312: 23543.8 | D1312: 23568.6 | E1312: 22774.85 | F1312: 22929.25 | G1312: =WEEKNUM(B1312) -> 7 | H1312: =F1312/F1311-1 -> -0.026770006 | I1312: =(1+I1311)*(1+H1312)-1 -> 13.212639 | J1312: =H1312>10% -> FALSE | K1312: =WEEKNUM(B1312) -> 7 | L1312: =MONTH(B1312) -> 2 | M1312: =YEAR(B1312) -> 2025
A1313: NIFTY 50 | B1313: 45709 | C1313: 22809.9 | D1313: 23049.95 | E1313: 22720.3 | F1313: 22795.9 | G1313: =WEEKNUM(B1313) -> 8 | H1313: =F1313/F1312-1 -> -0.0058157157 | I1313: =(1+I1312)*(1+H1313)-1 -> 13.129982 | J1313: =H1313>10% -> FALSE | K1313: =WEEKNUM(B1313) -> 8 | L1313: =MONTH(B1313) -> 2 | M1313: =YEAR(B1313) -> 2025
A1314: NIFTY 50 | B1314: 45716 | C1314: 22609.35 | D1314: 22668.05 | E1314: 22104.85 | F1314: 22124.7 | G1314: =WEEKNUM(B1314) -> 9 | H1314: =F1314/F1313-1 -> -0.029443891 | I1314: =(1+I1313)*(1+H1314)-1 -> 12.71394 | J1314: =H1314>10% -> FALSE | K1314: =WEEKNUM(B1314) -> 9 | L1314: =MONTH(B1314) -> 2 | M1314: =YEAR(B1314) -> 2025
A1315: NIFTY 50 | B1315: 45723 | C1315: 22194.55 | D1315: 22633.8 | E1315: 21964.6 | F1315: 22552.5 | G1315: =WEEKNUM(B1315) -> 10 | H1315: =F1315/F1314-1 -> 0.019335855 | I1315: =(1+I1314)*(1+H1315)-1 -> 12.979111 | J1315: =H1315>10% -> FALSE | K1315: =WEEKNUM(B1315) -> 10 | L1315: =MONTH(B1315) -> 3 | M1315: =YEAR(B1315) -> 2025
...

Sheet Sheet3
A1: Date | B1: % change | C1: Week number | F1: Date | G1: % change | J1: Week number
A2: 36532 | B2: 0 | C2: 2 | F2: 36636 | G2: -0.067823396 | H2: 1415.65 | M2: 18065
A3: 36539 | B3: 0.005857559 | C3: 3 | F3: 37008 | G3: -0.037325175 | H3: 1101.3 | I3: =H3-H2/H2*100 -> 1001.3 | J3: =INDEX('NF Weekly'!$B$2:$B$1373,MATCH(Sheet3!$F3,'NF Weekly'!$B$2:$B$1373,1))-365 -> 36643 | K3: =VLOOKUP(J3,'NF Weekly'!$B$2:$F$1373,6,0) -> #N/A | M3: 22419.95 | N3: =M3/M2-1 -> 0.24107113
A4: 36546 | B4: -0.0013249114 | C4: 4 | F4: 37372 | G4: -0.0026356448 | H4: 1097.4 | I4: =H4-H3/H3*100 -> 997.4 | J4: =INDEX('NF Weekly'!$B$2:$B$1373,MATCH(Sheet3!$F4,'NF Weekly'!$B$2:$B$1373,1))-365 -> 37007 | K4: =VLOOKUP(J4,'NF Weekly'!$B$2:$F$1373,6,0) -> #N/A | M4: 24039.35 | N4: =M4/M3-1 -> 0.072230313
A5: 36553 | B5: -0.013266691 | C5: 5 | F5: 37736 | G5: -0.017433826 | H5: 924.3 | I5: =H5-H4/H4*100 -> 824.3 | J5: =INDEX('NF Weekly'!$B$2:$B$1373,MATCH(Sheet3!$F5,'NF Weekly'!$B$2:$B$1373,1))-365 -> 37371 | K5: =VLOOKUP(J5,'NF Weekly'!$B$2:$F$1373,6,0) -> #N/A
A6: 36560 | B6: 0.00040647864 | C6: 6 | F6: 38100 | G6: 0.013034634 | H6: 1892.45 | I6: =H6-H5/H5*100 -> 1792.45 | J6: =INDEX('NF Weekly'!$B$2:$B$1373,MATCH(Sheet3!$F6,'NF Weekly'!$B$2:$B$1373,1))-365 -> 37735 | K6: =VLOOKUP(J6,'NF Weekly'!$B$2:$F$1373,6,0) -> #N/A
A7: 36567 | B7: 0.097671511 | C7: 7 | F7: 38464 | G7: 0.0056484179 | H7: 1967.35 | I7: =H7-H6/H6*100 -> 1867.35 | J7: =INDEX('NF Weekly'!$B$2:$B$1373,MATCH(Sheet3!$F7,'NF Weekly'!$B$2:$B$1373,1))-365 -> 38099 | K7: =VLOOKUP(J7,'NF Weekly'!$B$2:$F$1373,6,0) -> #N/A
A8: 36574 | B8: -0.021753986 | C8: 8 | F8: 38836 | G8: -0.0043240369 | H8: 3557.6 | I8: =H8-H7/H7*100 -> 3457.6 | J8: =INDEX('NF Weekly'!$B$2:$B$1373,MATCH(Sheet3!$F8,'NF Weekly'!$B$2:$B$1373,1))-365 -> 38471 | K8: =VLOOKUP(J8,'NF Weekly'!$B$2:$F$1373,6,0) -> #REF!
A9: 36581 | B9: -0.0042787286 | C9: 9 | F9: 39199 | G9: -1.2244248e-05 | H9: 4083.5 | I9: =H9-H8/H8*100 -> 3983.5 | J9: =INDEX('NF Weekly'!$B$2:$B$1373,MATCH(Sheet3!$F9,'NF Weekly'!$B$2:$B$1373,1))-365 -> 38834 | K9: =VLOOKUP(J9,'NF Weekly'!$B$2:$F$1373,6,0) -> #N/A
A10: 36588 | B10: -0.031833728 | C10: 10 | F10: 39563 | G10: 0.030917231 | H10: 5111.7 | I10: =H10-H9/H9*100 -> 5011.7 | J10: =INDEX('NF Weekly'!$B$2:$B$1373,MATCH(Sheet3!$F10,'NF Weekly'!$B$2:$B$1373,1))-365 -> 39198 | K10: =VLOOKUP(J10,'NF Weekly'!$B$2:$F$1373,6,0) -> #N/A
A11: 36595 | B11: -0.032155797 | C11: 11 | F11: 39927 | G11: 0.028468857 | H11: 3480.75 | I11: =H11-H10/H10*100 -> 3380.75 | J11: =INDEX('NF Weekly'!$B$2:$B$1373,MATCH(Sheet3!$F11,'NF Weekly'!$B$2:$B$1373,1))-365 -> 39562 | K11: =VLOOKUP(J11,'NF Weekly'!$B$2:$F$1373,6,0) -> #N/A
A12: 36601 | B12: -0.025300265 | C12: 12 | F12: 40291 | G12: 0.0078858359 | H12: 5304.1 | I12: =H12-H11/H11*100 -> 5204.1 | J12: =INDEX('NF Weekly'!$B$2:$B$1373,MATCH(Sheet3!$F12,'NF Weekly'!$B$2:$B$1373,1))-365 -> 39926 | K12: =VLOOKUP(J12,'NF Weekly'!$B$2:$F$1373,6,0) -> #N/A
A13: 36609 | B13: 0.0047049033 | C13: 13 | F13: 40654 | G13: 0.010326978 | H13: 5884.7 | I13: =H13-H12/H12*100 -> 5784.7 | J13: =INDEX('NF Weekly'!$B$2:$B$1373,MATCH(Sheet3!$F13,'NF Weekly'!$B$2:$B$1373,1))-365 -> 40289 | K13: =VLOOKUP(J13,'NF Weekly'!$B$2:$F$1373,6,0) -> #N/A
A14: 36616 | B14: -0.026185849 | C14: 14 | F14: 41027 | G14: -0.015470104 | H14: 5209 | I14: =H14-H13/H13*100 -> 5109 | J14: =INDEX('NF Weekly'!$B$2:$B$1373,MATCH(Sheet3!$F14,'NF Weekly'!$B$2:$B$1373,1))-365 -> 40662 | K14: =VLOOKUP(J14,'NF Weekly'!$B$2:$F$1373,6,0) -> #REF!
A15: 36623 | B15: 0.018777193 | C15: 15 | F15: 41390 | G15: 0.015277273 | H15: 5871.45 | I15: =H15-H14/H14*100 -> 5771.45 | J15: =INDEX('NF Weekly'!$B$2:$B$1373,MATCH(Sheet3!$F15,'NF Weekly'!$B$2:$B$1373,1))-365 -> 41025 | K15: =VLOOKUP(J15,'NF Weekly'!$B$2:$F$1373,6,0) -> #N/A
A16: 36629 | B16: -0.024724657 | C16: 16 | F16: 41754 | G16: 0.00049414402 | H16: 6782.75 | I16: =H16-H15/H15*100 -> 6682.75 | J16: =INDEX('NF Weekly'!$B$2:$B$1373,MATCH(Sheet3!$F16,'NF Weekly'!$B$2:$B$1373,1))-365 -> 41389 | K16: =VLOOKUP(J16,'NF Weekly'!$B$2:$F$1373,6,0) -> #N/A
... A27: 36959 | B27: -0.039499368 | C27: 10 | F27: 45772 | G27: 0.0078694765 | H27: 24039.35 | I27: =H27-H26/H26*100 -> 23939.35 | J27: =INDEX('NF Weekly'!$B$2:$B$1373,MATCH(Sheet3!$F27,'NF Weekly'!$B$2:$B$1373,1))-365 -> 45407 | K27: =VLOOKUP(J27,'NF Weekly'!$B$2:$F$1373,6,0) -> #N/A
A28: 36966 | B28: -0.048774656 | C28: 11
A29: 36973 | B29: -0.027020234 | C29: 12
A30: 36980 | B30: -0.011280462 | C30: 13
A31: 36987 | B31: -0.0074899843 | C31: 14
A32: 36993 | B32: -0.10064935 | C32: 15
A33: 37001 | B33: 0.11620646 | C33: 16
A34: 37008 | B34: -0.037325175 | C34: 17
A35: 37260 | B35: 0.060359837 | C35: 1
A36: 37267 | B36: -0.0069786535 | C36: 2
A37: 37274 | B37: 0.004225805 | C37: 3
A38: 37281 | B38: -0.011937977 | C38: 4
A39: 37288 | B39: 0.0014350523 | C39: 5
... A438: 45772 | B438: 0.0078694765 | C438: 17
C439: 1
C440: 2
C441: 3
C442: 4
C443: 6
C444: 6
C445: 7
C446: 8
C447: 9
C448: 10
C449: 11
C450: 12
... C454: 16

Sheet Sheet1
A2: 36636 | B2: -0.067823396 | C2: =B2*100 -> -6.7823396 | D2: -0.067823396 | E2: =D2+F2 -> 0.9321766 | F2: 1 | G2: =(E2*100)-1 -> 92.21766
A3: 37008 | B3: -0.037325175 | D3: -0.037325175 | E3: =D3+F3 -> 0.96267483 | F3: 1 | G3: =E3*100 -> 96.267483
A4: 37372 | B4: -0.0026356448 | D4: -0.0026356448 | E4: =D4+F4 -> 0.99736436 | F4: 1 | G4: =E4*100 -> 99.736436
A5: 37736 | B5: -0.017433826 | D5: -0.017433826 | E5: =D5+F5 -> 0.98256617 | F5: 1 | G5: =E5*100 -> 98.256617
A6: 38100 | B6: 0.013034634 | D6: 0.013034634 | E6: =D6+F6 -> 1.0130346 | F6: 1 | G6: =E6*100 -> 101.30346
A7: 38464 | B7: 0.0056484179 | D7: 0.0056484179 | E7: =D7+F7 -> 1.0056484 | F7: 1 | G7: =E7*100 -> 100.56484
A8: 38836 | B8: -0.0043240369 | D8: -0.0043240369 | E8: =D8+F8 -> 0.99567596 | F8: 1 | G8: =E8*100 -> 99.567596
A9: 39199 | B9: -1.2244248e-05 | D9: -1.2244248e-05 | E9: =D9+F9 -> 0.99998776 | F9: 1 | G9: =E9*100 -> 99.998776
A10: 39563 | B10: 0.030917231 | D10: 0.030917231 | E10: =D10+F10 -> 1.0309172 | F10: 1 | G10: =E10*100 -> 103.09172
A11: 39927 | B11: 0.028468857 | D11: 0.028468857 | E11: =D11+F11 -> 1.0284689 | F11: 1 | G11: =E11*100 -> 102.84689
A12: 40291 | B12: 0.0078858359 | D12: 0.0078858359 | E12: =D12+F12 -> 1.0078858 | F12: 1 | G12: =E12*100 -> 100.78858
A13: 40654 | B13: 0.010326978 | D13: 0.010326978 | E13: =D13+F13 -> 1.010327 | F13: 1 | G13: =E13*100 -> 101.0327
A14: 41027 | B14: -0.015470104 | D14: -0.015470104 | E14: =D14+F14 -> 0.9845299 | F14: 1 | G14: =E14*100 -> 98.45299
... A27: 45772 | B27: 0.0078694765 | D27: 0.0078694765 | E27: =D27+F27 -> 1.0078695 | F27: 1 | G27: =E27*100 -> 100.78695

Sheet NF_Monthly
A1: Ticker | B1: Date/Time | C1: Open | D1: High | E1: Low | F1: Close
A2: NIFTY 50 | B2: 36556 | C2: 1482.15 | D2: 1671.15 | E2: 1482.15 | F2: 1546.2
A3: NIFTY 50 | B3: 36585 | C3: 1546.2 | D3: 1818.15 | E3: 1521.4 | F3: 1654.8
A4: NIFTY 50 | B4: 36616 | C4: 1661.5 | D4: 1773.85 | E4: 1489.1 | F4: 1528.45
A5: NIFTY 50 | B5: 36644 | C5: 1528.7 | D5: 1636.95 | E5: 1311.3 | F5: 1406.55
A6: NIFTY 50 | B6: 36677 | C6: 1410 | D6: 1436.6 | E6: 1201.5 | F6: 1380.45
A7: NIFTY 50 | B7: 36707 | C7: 1380.4 | D7: 1539.1 | E7: 1345.1 | F7: 1471.45
A8: NIFTY 50 | B8: 36738 | C8: 1473.45 | D8: 1564.75 | E8: 1269.25 | F8: 1332.85
A9: NIFTY 50 | B9: 36769 | C9: 1332.85 | D9: 1398.9 | E9: 1295.45 | F9: 1394.1
A10: NIFTY 50 | B10: 36798 | C10: 1395.95 | D10: 1482 | E10: 1249.35 | F10: 1271.65
A11: NIFTY 50 | B11: 36830 | C11: 1270.75 | D11: 1306.45 | E11: 1108.2 | F11: 1172.75
A12: NIFTY 50 | B12: 36860 | C12: 1178.25 | D12: 1281 | E12: 1177.1 | F12: 1268.15
A13: NIFTY 50 | B13: 36889 | C13: 1268.1 | D13: 1369.5 | E13: 1207.95 | F13: 1263.55
... A317: NIFTY 50 | B317: 46127 | C317: 22899 | D317: 24280.9 | E317: 22182.55 | F317: 24231.3

Sheet MD_Monthly
A1: Ticker | B1: Date/Time | C1: Open | D1: High | E1: Low | F1: Close
A2: NIFTYMIDCAP100 | B2: 37652 | C2: 1000 | D2: 1042.81 | E2: 974.52 | F2: 981.1
A3: NIFTYMIDCAP100 | B3: 37680 | C3: 997.44 | D3: 998.79 | E3: 955.2 | F3: 991.76
A4: NIFTYMIDCAP100 | B4: 37711 | C4: 990.86 | D4: 990.86 | E4: 894.69 | F4: 894.69
A5: NIFTYMIDCAP100 | B5: 37741 | C5: 903.66 | D5: 977.84 | E5: 903.66 | F5: 956.94
A6: NIFTYMIDCAP100 | B6: 37771 | C6: 981.9 | D6: 1169.91 | E6: 981.9 | F6: 1169.91
A7: NIFTYMIDCAP100 | B7: 37802 | C7: 1166.4 | D7: 1288.17 | E7: 1166.4 | F7: 1288.17
A8: NIFTYMIDCAP100 | B8: 37833 | C8: 1298.02 | D8: 1402 | E8: 1295.93 | F8: 1399.19
A9: NIFTYMIDCAP100 | B9: 37862 | C9: 1411.19 | D9: 1597.36 | E9: 1410.27 | F9: 1597.36
A10: NIFTYMIDCAP100 | B10: 37894 | C10: 1615.99 | D10: 1664.34 | E10: 1555.43 | F10: 1662.89
A11: NIFTYMIDCAP100 | B11: 37925 | C11: 1678.7 | D11: 1813.57 | E11: 1678.7 | F11: 1774.27
A12: NIFTYMIDCAP100 | B12: 37953 | C12: 1792.64 | D12: 1961.65 | E12: 1792.64 | F12: 1961.65
A13: NIFTYMIDCAP100 | B13: 37986 | C13: 2009.43 | D13: 2422.06 | E13: 2009.43 | F13: 2388.4
... A281: NIFTYMIDCAP100 | B281: 46127 | C281: 54075.45 | D281: 58850.25 | E281: 52032.85 | F281: 58777.75

Sheet BNF_Monthly
A1: Ticker | B1: Date/Time | C1: Open | D1: High | E1: Low | F1: Close
A2: NIFTYBANK | B2: 36556 | C2: 1054.81 | D2: 1153.35 | E2: 1021.69 | F2: 1148.89
A3: NIFTYBANK | B3: 36585 | C3: 1175.15 | D3: 1212.66 | E3: 1075.15 | F3: 1075.15
A4: NIFTYBANK | B4: 36616 | C4: 1139.88 | D4: 1141.08 | E4: 978.64 | F4: 1106.83
A5: NIFTYBANK | B5: 36644 | C5: 1110.14 | D5: 1110.14 | E5: 989.2 | F5: 1056.2
A6: NIFTYBANK | B6: 36677 | C6: 1021.98 | D6: 1040.91 | E6: 948.48 | F6: 1001.24
A7: NIFTYBANK | B7: 36707 | C7: 985.93 | D7: 1120.48 | E7: 985.93 | F7: 1087.18
A8: NIFTYBANK | B8: 36738 | C8: 1119.29 | D8: 1135.06 | E8: 983.99 | F8: 993.58
A9: NIFTYBANK | B9: 36769 | C9: 979.73 | D9: 1017.43 | E9: 975.52 | F9: 1003.07
A10: NIFTYBANK | B10: 36798 | C10: 1015.61 | D10: 1044.64 | E10: 901.51 | F10: 907.53
A11: NIFTYBANK | B11: 36830 | C11: 892.85 | D11: 892.85 | E11: 829.96 | F11: 861.27
A12: NIFTYBANK | B12: 36860 | C12: 885.52 | D12: 958.16 | E12: 878.06 | F12: 941.08
A13: NIFTYBANK | B13: 36889 | C13: 946.47 | D13: 1018.01 | E13: 925.84 | F13: 971.73
... A102: NIFTYBANK | B102: 39598 | C102: 7774.1 | D102: 7990.45 | E102: 6502.45 | F102: 6584.35
A103: NIFTYBANK | B103: 39629 | C103: 6577.3 | D103: 6677.15 | E103: 4996.85 | F103: 5027.05 | G103: 0
A104: NIFTYBANK | B104: 39660 | C104: 5042.1 | D104: 6468.4 | E104: 4633.95 | F104: 5730.05
A105: NIFTYBANK | B105: 39689 | C105: 5655.35 | D105: 6754.45 | E105: 5546.9 | F105: 6102.05
A106: NIFTYBANK | B106: 39721 | C106: 6070.9 | D106: 6631.95 | E106: 5296.6 | F106: 5803.55
A107: NIFTYBANK | B107: 39752 | C107: 5875.55 | D107: 6040.15 | E107: 3799.35 | F107: 4521.7
A108: NIFTYBANK | B108: 39780 | C108: 4791.8 | D108: 5431.9 | E108: 3972.15 | F108: 4291.15
A109: NIFTYBANK | B109: 39813 | C109: 4317.8 | D109: 5226.85 | E109: 3919 | F109: 5001.55
A110: NIFTYBANK | B110: 39843 | C110: 5019.2 | D110: 5448.8 | E110: 4049.9 | F110: 4456.55
A111: NIFTYBANK | B111: 39871 | C111: 4403.9 | D111: 4602.15 | E111: 3758.4 | F111: 3892.4
A112: NIFTYBANK | B112: 39903 | C112: 3831.25 | D112: 4423.65 | E112: 3314.55 | F112: 4133.2
A113: NIFTYBANK | B113: 39932 | C113: 4153.55 | D113: 5288.7 | E113: 4023.45 | F113: 5130.95
A114: NIFTYBANK | B114: 39962 | C114: 5291.25 | D114: 7567.9 | E114: 5291.25 | F114: 7416
A115: NIFTYBANK | B115: 39994 | C115: 7559.3 | D115: 7626.95 | E115: 6909.5 | F115: 7338.85
... A143: NIFTYBANK | B143: 40847 | C143: 9332.6 | D143: 10080.05 | E143: 8626.45 | F143: 9989.65
A144: NIFTYBANK | B144: 40877 | C144: 9898.4 | D144: 9984.35 | E144: 8240.45 | F144: 8564.1 | G144: 0
A145: NIFTYBANK | B145: 40907 | C145: 8872.8 | D145: 9273.1 | E145: 7766.35 | F145: 7968.65
A146: NIFTYBANK | B146: 40939 | C146: 8009.85 | D146: 9969.25 | E146: 7888.25 | F146: 9919.45
A147: NIFTYBANK | B147: 40968 | C147: 9941.9 | D147: 11226.75 | E147: 9762 | F147: 10414.2
A148: NIFTYBANK | B148: 40998 | C148: 10385.15 | D148: 10912.05 | E148: 9845.4 | F148: 10212.75
A149: NIFTYBANK | B149: 41029 | C149: 10186.8 | D149: 10645.85 | E149: 10029.45 | F149: 10276.8
A150: NIFTYBANK | B150: 41060 | C150: 10282.7 | D150: 10382.35 | E150: 8995.25 | F150: 9441
A151: NIFTYBANK | B151: 41089 | C151: 9434.45 | D151: 10360 | E151: 9110.45 | F151: 10340.65
A152: NIFTYBANK | B152: 41121 | C152: 10366.5 | D152: 10782.55 | E152: 10056.15 | F152: 10384.1
A153: NIFTYBANK | B153: 41152 | C153: 10347.8 | D153: 10640.75 | E153: 9948.7 | F153: 9990.5
A154: NIFTYBANK | B154: 41180 | C154: 10030.85 | D154: 11536.85 | E154: 9814.05 | F154: 11456.8
A155: NIFTYBANK | B155: 41213 | C155: 11462.1 | D155: 11745.2 | E155: 10043.6 | F155: 11268.8
A156: NIFTYBANK | B156: 41243 | C156: 11266.5 | D156: 12175.3 | E156: 11230.2 | F156: 12158.9
... A317: NIFTYBANK | B317: 46127 | C317: 51433.9 | D317: 56786.25 | E317: 49954.85 | F317: 56301.95
